Jul. 2nd, 2005 at 7:40 PM	387
Oct. 9th, 2005at 10:23 PM	578
Nov. 25th, 2005at 2:36 PM	477
Nov. 28th, 2005 at 6:07 PM	121
Dec. 18th, 2005 at 3:40 PM	139
Jan. 3rd, 2006 at 3:26 PM	319
Jan. 21st, 2006 at 1:14 PM	559
Feb. 1st, 2006 at 6:45 PM	502
Feb. 5th, 2006 at 11:41 PM	409
Mar. 7th, 2006 at 11:22 PM	207
Mar. 22nd, 2006 at 12:17 PM	949
Mar. 28th, 2006 at 6:44 PM	455
May. 13th, 2006 at 11:39 PM	505
Jun. 30th, 2006 at 12:12 AM	1375
Jul. 9th, 2006 at 3:31 PM	279
Jul. 14th, 2006 at 12:21 AM	740
Jul. 26th, 2006 at 12:26 PM	479
Aug. 5th, 2006 at 1:35 PM	937
Aug. 9th, 2006 at 4:39 PM	420
Aug. 10th, 2006 at 2:30 PM	557
Aug. 11th, 2006 at 11:45 AM	1299
Aug. 14th, 2006 at 6:19 PM	1207
Aug. 17th, 2006 at 10:11 PM	506
Aug. 29th, 2006 at 1:04 PM	288
Sep. 7th, 2006 at 5:47 PM	382
Sep. 15th, 2006 at 1:42 AM	17
Oct. 17th, 2006 at 4:32 PM	1860
Nov. 5th, 2006 at 11:02 PM	1207
Nov. 8th, 2006 at 11:07 PM	200
Nov. 12th, 2006 at 3:14 PM	80
Dec. 5th, 2006 at 11:18 PM	1204
Dec. 11th, 2006 at 5:50 PM	256
Dec. 25th, 2006 at 9:18 AM	14
Dec. 26th, 2006 at 10:05 AM	966
Jan. 1st, 2007 at 10:17 AM	954
Jan. 5th, 2007 at 12:14 PM	491
Jan. 6th, 2007 at 11:09 PM	634
Jan. 9th, 2007 at 2:15 PM	527
Jan. 10th, 2007 at 11:31 PM	110
Jan. 15th, 2007 at 11:33 AM	937
Jan. 15th, 2007 at 2:53 PM	510
Jan. 17th, 2007 at 12:20 PM	314
Jan. 25th, 2007 at 5:19 PM	333
Feb. 12th, 2007 at 7:26 PM	776
Feb. 20th, 2007 at 9:10 AM	245
Feb. 21st, 2007 at 8:27 AM	141
Feb. 23rd, 2007 at 12:24 AM	47
Feb. 27th, 2007at 6:30 PM	471
Mar. 5th, 2007 at 11:18 AM	618
Mar. 7th, 2007 at 10:55 AM	264
Mar. 10th, 2007 at 10:30 AM	325
Mar. 17th, 2007 at 7:21 PM	874
Mar. 20th, 2007 at 1:14 PM	290
Mar. 30th, 2007 at 11:02 PM	313
Apr. 11th, 2007 at 5:59 PM	79
Apr. 21st, 2007 at 1:07 PM	499
Apr. 27th, 2007 at 12:53 AM	478
Apr. 28th, 2007 at 10:03 PM	1081
May. 18th, 2007 at 1:29 AM	400
May. 29th, 2007 at 5:23 PM	252
May. 30th, 2007 at 3:18 PM	488
May. 31st, 2007 at 11:37 PM	286
Jun. 25th, 2007 at 7:52 PM	752
Jun. 28th, 2007 at 5:46 PM	742
Jul. 2nd, 2007 at 12:48 PM	42
Jul. 11th, 2007 at 11:06 AM	727
Jul. 17th, 2007 at 9:16 PM	308
Jul. 30th, 2007 at 11:00 PM	345
Aug. 13th, 2007 at 5:43 PM	284
Aug. 16th, 2007 at 11:38 AM	87
Aug. 26th, 2007 at 11:43 PM	580
Aug. 29th, 2007 at 5:14 PM	11
Sep. 1st, 2007 at 6:35 PM	314
Sep. 7th, 2007 at 12:23 AM	252
Sep. 9th, 2007 at 3:19 PM	104
Sep. 9th, 2007 at 11:14 PM	271
Sep. 12th, 2007 at 12:38 PM	17
Sep. 14th, 2007 at 12:49 AM	22
Sep. 14th, 2007 at 12:51 AM	65
Sep. 16th, 2007 at 7:19 PM	19
Sep. 16th, 2007 at 9:30 PM	335
Sep. 23rd, 2007 at 8:04 PM	277
Oct. 1st, 2007 at 2:47 PM	322
Oct. 9th, 2007 at 1:16 PM	461
Oct. 16th, 2007 at 12:32 AM	167
Oct. 19th, 2007 at 12:40 AM	273
Oct. 22nd, 2007 at 4:14 PM	579
Oct. 24th, 2007 at 3:13 PM	78
Nov. 16th, 2007 at 4:07 PM	403
Nov. 16th, 2007 at 4:28 PM	154
Nov. 16th, 2007 at 4:40 PM	1278
Nov. 16th, 2007 at 5:55 PM	134
Nov. 18th, 2007 at 11:26 PM	470
Nov. 19th, 2007 at 12:27 PM	64
Nov. 19th, 2007 at 1:42 PM	55
Nov. 21st, 2007 at 11:35 AM	87
Nov. 25th, 2007 at 11:35 PM	106
Nov. 29th, 2007 at 1:41 PM	555
Dec. 1st, 2007 at 12:10 PM	25
Dec. 1st, 2007 at 8:01 PM	993
Dec. 2nd, 2007 at 7:07 PM	97
Dec. 12th, 2007 at 9:44 PM	947
Dec. 14th, 2007 at 11:11 PM	263
Dec. 16th, 2007 at 3:03 PM	1134
Dec. 16th, 2007 at 9:59 PM	157
Dec. 16th, 2007 at 10:56 PM	47
Dec. 17th, 2007 at 3:38 PM	174
Dec. 18th, 2007 at 2:33 PM	140
Dec. 20th, 2007 at 10:32 AM	126
Dec. 29th, 2007 at 11:20 PM	14
Dec. 31st, 2007 at 7:52 PM	253
Dec. 31st, 2007 at 8:04 PM	334
Jan. 1st, 2008 at 6:31 PM	103
Jan. 2nd, 2008 at 10:52 PM	235
Jan. 4th, 2008 at 2:56 PM	84
Jan. 4th, 2008 at 11:03 PM	124
Jan. 6th, 2008 at 10:06 PM	120
Jan. 9th, 2008 at 11:45 PM	61
Jan. 10th, 2008 at 12:28 PM	717
Jan. 13th, 2008 at 9:27 PM	118
Jan. 16th, 2008 at 6:25 PM	3
Jan. 18th, 2008 at 11:21 AM	44
Jan. 18th, 2008 at 1:57 PM	88
Jan. 20th, 2008 at 10:51 PM	39
Jan. 27th, 2008 at 10:15 PM	447
Feb. 1st, 2008 at 10:05 AM	9
Feb. 4th, 2008 at 1:12 AM	160
Feb. 5th, 2008 at 9:35 PM	5
Feb. 5th, 2008 at 9:35 PM	2270
Feb. 5th, 2008 at 11:40 PM	30
Feb. 6th, 2008 at 12:39 PM	282
Feb. 6th, 2008 at 9:04 PM	14
Feb. 8th, 2008 at 11:23 AM	51
Feb. 10th, 2008 at 12:20 PM	54
Feb. 10th, 2008 at 4:31 PM	160
Feb. 12th, 2008 at 5:18 PM	246
Feb. 12th, 2008 at 6:36 PM	0
Feb. 12th, 2008 at 6:38 PM	83
Feb. 16th, 2008 at 7:33 PM	347
Feb. 17th, 2008 at 7:51 PM	126
Feb. 17th, 2008 at 7:57 PM	0
Feb. 18th, 2008 at 12:29 PM	217
Feb. 20th, 2008 at 1:29 PM	203
Feb. 24th, 2008 at 1:55 PM	182
Feb. 24th, 2008 at 3:17 PM	370
Feb. 24th, 2008 at 3:46 PM	355
Feb. 24th, 2008 at 4:15 PM	485
Feb. 24th, 2008 at 4:59 PM	393
Feb. 27th, 2008 at 6:33 PM	16
Mar. 5th, 2008 at 12:19 AM	83
Mar. 5th, 2008 at 2:29 PM	92
Mar. 5th, 2008 at 3:28 PM	195
Mar. 9th, 2008at 6:59 PM	93
Mar. 13th, 2008 at 12:40 AM	22
Mar. 13th, 2008 at 2:34 PM	210
Mar. 15th, 2008 at 8:02 PM	101
Mar. 17th, 2008 at 1:51 PM	117
Mar. 17th, 2008 at 2:19 PM	56
Mar. 18th, 2008 at 5:33 PM	218
Mar. 22nd, 2008at 3:59 PM	533
Mar. 24th, 2008 at 12:32 AM	482
Mar. 31st, 2008 at 8:34 PM	83
Apr. 1st, 2008 at 3:15 PM	454
Apr. 13th, 2008 at 11:16 PM	424
Apr. 13th, 2008 at 11:34 PM	211
Apr. 13th, 2008 at 11:51 PM	208
Apr. 29th, 2008 at 11:08 AM	76
May. 10th, 2008 at 12:08 AM	82
May. 23rd, 2008 at 5:25 PM	131
May. 25th, 2008 at 1:10 PM	48
May. 27th, 2008 at 4:18 PM	398
May. 29th, 2008 at 12:27 AM	306
Jun. 5th, 2008 at 8:49 PM	138
Jun. 8th, 2008 at 1:09 AM	103
Jun. 9th, 2008 at 4:44 PM	147
Jun. 10th, 2008 at 5:14 PM	263
Jun. 13th, 2008 at 5:25 PM	496
Jun. 14th, 2008 at 3:30 PM	50
Jun. 16th, 2008 at 10:34 AM	149
Jun. 16th, 2008 at 11:50 AM	166
Jun. 16th, 2008 at 6:55 PM	172
Jun. 17th, 2008 at 8:56 PM	372
Jun. 18th, 2008 at 10:12 AM	62
Jun. 20th, 2008 at 11:33 PM	212
Jun. 25th, 2008 at 12:50 PM	67
Jul. 2nd, 2008 at 5:35 PM	73
Jul. 9th, 2008 at 6:06 PM	67
Jul. 20th, 2008 at 12:20 PM	57
Jul. 31st, 2008 at 2:21 PM	93
Aug. 14th, 2008 at 5:23 PM	439
Aug. 14th, 2008 at 5:46 PM	173
Aug. 19th, 2008 at 3:06 PM	238
Aug. 21st, 2008 at 1:44 PM	101
Aug. 25th, 2008 at 2:15 PM	272
Aug. 25th, 2008 at 4:13 PM	17
Aug. 29th, 2008 at 1:52 PM	54
Aug. 31st, 2008 at 1:55 PM	87
Sep. 5th, 2008 at 3:31 PM	135
Sep. 8th, 2008 at 1:46 PM	428
Sep. 9th, 2008 at 6:05 PM	213
Sep. 14th, 2008 at 10:47 PM	392
Sep. 19th, 2008 at 2:36 PM	90
Sep. 19th, 2008 at 4:51 PM	354
Sep. 20th, 2008 at 3:16 PM	259
Sep. 22nd, 2008 at 2:18 PM	69
Sep. 24th, 2008 at 7:23 PM	369
Oct. 9th, 2008 at 11:19 AM	686
Oct. 10th, 2008at 12:38 PM	51
Oct. 11th, 2008 at 4:46 PM	264
Oct. 13th, 2008 at 10:39 PM	1
Oct. 17th, 2008 at 12:02 PM	295
Oct. 20th, 2008 at 11:53 AM	254
Oct. 20th, 2008 at 1:12 PM	63
Oct. 22nd, 2008 at 2:17 PM	125
Oct. 23rd, 2008 at 11:27 AM	76
Oct. 24th, 2008 at 10:51 PM	81
Oct. 26th, 2008 at 12:15 AM	208
Oct. 26th, 2008 at 7:04 PM	364
Oct. 27th, 2008 at 12:42 PM	580
Nov. 5th, 2008 at 12:10 AM	2
Nov. 8th, 2008 at 5:22 PM	137
Nov. 8th, 2008 at 10:57 PM	45
Nov. 10th, 2008 at 12:01 AM	332
Nov. 11th, 2008 at 3:02 PM	49
Nov. 11th, 2008 at 10:29 PM	129
Nov. 13th, 2008 at 11:36 PM	484
Nov. 16th, 2008 at 6:50 PM	62
Nov. 22nd, 2008 at 8:02 PM	260
Nov. 23rd, 2008 at 6:44 PM	188
Nov. 25th, 2008 at 12:09 AM	61
Nov. 26th, 2008 at 4:27 PM	37
Nov. 28th, 2008 at 3:13 PM	52
Nov. 29th, 2008 at 2:03 PM	56
Nov. 29th, 2008 at 3:30 PM	109
Nov. 30th, 2008 at 7:26 PM	182
Dec. 7th, 2008 at 5:26 PM	215
Dec. 7th, 2008 at 6:06 PM	299
Dec. 7th, 2008 at 6:31 PM	193
Dec. 8th, 2008 at 11:08 PM	180
Dec. 11th, 2008 at 12:36 PM	44
Dec. 11th, 2008 at 12:53 PM	45
Dec. 11th, 2008 at 2:17 PM	64
Dec. 14th, 2008 at 3:44 PM	332
Dec. 14th, 2008 at 11:00 PM	125
Dec. 16th, 2008 at 2:48 PM	172
Dec. 17th, 2008 at 11:25 PM	121
Dec. 21st, 2008 at 11:46 PM	235
Dec. 22nd, 2008 at 3:02 PM	272
Dec. 24th, 2008 at 3:54 PM	71
Dec. 27th, 2008 at 11:05 PM	16
Dec. 28th, 2008 at 7:00 PM	152
Jan. 1st, 2009 at 2:23 PM	12
Jan. 3rd, 2009 at 11:55 AM	9
Jan. 4th, 2009 at 8:24 PM	258
Jan. 5th, 2009 at 12:55 PM	190
Jan. 7th, 2009 at 11:08 AM	170
Jan. 10th, 2009 at 11:55 PM	16
Jan. 11th, 2009 at 6:03 PM	16
Jan. 14th, 2009 at 12:19 PM	177
Jan. 14th, 2009 at 10:29 PM	235
Jan. 20th, 2009 at 12:39 PM	103
Jan. 27th, 2009 at 10:56 PM	90
Feb. 1st, 2009 at 11:50 AM	979
Feb. 1st, 2009 at 9:22 PM	354
Feb. 2nd, 2009 at 3:04 PM	256
Feb. 4th, 2009 at 3:12 PM	452
Feb. 5th, 2009 at 6:18 PM	82
Feb. 7th, 2009 at 12:21 PM	100
Feb. 7th, 2009 at 3:36 PM	136
Feb. 7th, 2009 at 5:44 PM	62
Feb. 11th, 2009 at 3:59 PM	28
Feb. 15th, 2009 at 5:55 PM	286
Feb. 16th, 2009 at 2:16 PM	229
Feb. 17th, 2009 at 11:50 AM	84
Feb. 19th, 2009 at 11:53 AM	87
Feb. 19th, 2009 at 1:01 PM	66
Feb. 19th, 2009 at 1:05 PM	414
Feb. 19th, 2009 at 1:34 PM	399
Feb. 19th, 2009 at 2:03 PM	441
Feb. 19th, 2009 at 3:32 PM	251
Feb. 19th, 2009 at 3:49 PM	256
Feb. 19th, 2009 at 4:13 PM	200
Feb. 19th, 2009 at 4:34 PM	89
Feb. 19th, 2009 at 5:18 PM	146
Feb. 19th, 2009 at 6:11 PM	837
Feb. 19th, 2009 at 7:00 PM	373
Feb. 20th, 2009 at 10:50 PM	323
Feb. 21st, 2009 at 6:35 PM	49
Feb. 22nd, 2009 at 12:45 PM	819
Feb. 25th, 2009 at 11:29 AM	138
Feb. 26th, 2009 at 8:54 PM	62
Feb. 28th, 2009 at 10:59 AM	20
Mar. 2nd, 2009 at 11:27 AM	175
Mar. 4th, 2009 at 10:40 AM	411
Mar. 5th, 2009 at 2:29 PM	335
Mar. 5th, 2009 at 4:26 PM	147
Mar. 6th, 2009 at 5:02 PM	200
Mar. 8th, 2009 at 4:48 PM	209
Mar. 11th, 2009 at 3:15 PM	119
Mar. 12th, 2009 at 2:20 PM	56
Mar. 16th, 2009 at 11:31 PM	147
Mar. 17th, 2009 at 4:18 PM	32
Mar. 17th, 2009 at 11:57 PM	244
Mar. 20th, 2009 at 1:40 AM	116
Mar. 24th, 2009 at 12:18 PM	368
Mar. 24th, 2009 at 4:48 PM	40
Mar. 27th, 2009 at 1:15 PM	42
Mar. 28th, 2009 at 12:07 AM	559
Mar. 31st, 2009 at 11:22 PM	431
Apr. 1st, 2009 at 12:51 PM	674
Apr. 2nd, 2009 at 7:56 AM	57
Apr. 4th, 2009 at 1:42 PM	133
Apr. 5th, 2009 at 2:26 PM	301
Apr. 8th, 2009 at 6:15 PM	76
Apr. 13th, 2009 at 11:40 PM	102
Apr. 14th, 2009 at 5:05 PM	155
Apr. 15th, 2009 at 4:21 PM	439
Apr. 16th, 2009 at 6:16 PM	469
Apr. 17th, 2009 at 12:38 AM	229
Apr. 19th, 2009 at 1:55 PM	129
Apr. 21st, 2009 at 11:57 AM	82
Apr. 21st, 2009 at 4:57 PM	201
Apr. 21st, 2009 at 11:38 PM	218
Apr. 22nd, 2009 at 11:08 AM	582
Apr. 24th, 2009 at 12:10 AM	137
Apr. 25th, 2009 at 9:50 PM	748
Apr. 30th, 2009 at 6:58 PM	509
May. 4th, 2009 at 9:22 PM	166
May. 4th, 2009 at 10:31 PM	167
May. 6th, 2009 at 12:00 PM	109
May. 8th, 2009 at 5:02 PM	377
May. 10th, 2009 at 2:36 PM	246
May. 12th, 2009 at 1:36 PM	64
May. 12th, 2009 at 4:32 PM	361
May. 14th, 2009 at 1:06 AM	12
May. 14th, 2009 at 12:37 PM	101
May. 17th, 2009 at 11:49 PM	101
May. 19th, 2009 at 11:48 AM	91
May. 26th, 2009 at 7:34 PM	200
May. 28th, 2009 at 3:11 PM	72
Jun. 1st, 2009 at 11:12 AM	17
Jun. 1st, 2009 at 12:17 PM	95
Jun. 7th, 2009 at 3:03 PM	248
Jun. 7th, 2009 at 9:21 PM	5
Jun. 7th, 2009 at 10:05 PM	115
Jun. 8th, 2009 at 12:11 PM	212
Jun. 8th, 2009 at 12:33 PM	347
Jun. 8th, 2009 at 2:28 PM	107
Jun. 10th, 2009 at 6:04 PM	132
Jun. 11th, 2009 at 12:08 PM	72
Jun. 11th, 2009 at 1:12 PM	117
Jun. 15th, 2009 at 4:32 PM	40
Jun. 22nd, 2009 at 11:55 PM	272
Jun. 28th, 2009 at 10:33 PM	77
Jun. 30th, 2009 at 9:53 AM	34
Jul. 8th, 2009 at 10:17 AM	104
Jul. 12th, 2009 at 10:20 PM	136
Jul. 15th, 2009 at 7:45 PM	92
Jul. 17th, 2009 at 2:27 PM	133
Jul. 17th, 2009 at 3:25 PM	23
Jul. 17th, 2009 at 4:12 PM	63
Jul. 18th, 2009 at 2:38 PM	65
Jul. 19th, 2009 at 1:24 PM	128
Jul. 19th, 2009 at 10:38 PM	380
Jul. 20th, 2009 at 7:30 PM	70
Jul. 25th, 2009 at 5:52 PM	138
Jul. 28th, 2009 at 2:27 PM	61
Jul. 31st, 2009 at 11:58 AM	112
Aug. 2nd, 2009 at 12:44 PM	87
Aug. 2nd, 2009 at 5:41 PM	59
Aug. 3rd, 2009 at 10:29 PM	123
Aug. 9th, 2009 at 12:10 AM	218
Aug. 12th, 2009 at 2:39 PM	59
Aug. 12th, 2009 at 4:45 PM	242
Aug. 12th, 2009 at 10:06 PM	13
Aug. 13th, 2009 at 11:40 PM	23
Aug. 14th, 2009 at 8:36 PM	389
Aug. 15th, 2009 at 12:43 AM	115
Aug. 15th, 2009 at 4:52 PM	38
Aug. 16th, 2009 at 1:07 PM	26
Aug. 16th, 2009 at 2:36 PM	88
Aug. 18th, 2009 at 8:01 PM	191
Aug. 19th, 2009 at 11:29 AM	93
Aug. 20th, 2009 at 1:23 PM	253
Aug. 20th, 2009 at 1:35 PM	105
Aug. 20th, 2009 at 6:52 PM	193
Aug. 20th, 2009 at 11:33 PM	37
Aug. 20th, 2009 at 11:52 PM	94
Aug. 21st, 2009 at 12:01 AM	207
Aug. 21st, 2009 at 12:16 AM	301
Aug. 21st, 2009 at 12:35 AM	173
Aug. 21st, 2009 at 12:52 AM	401
Aug. 21st, 2009 at 1:22 AM	275
Aug. 22nd, 2009 at 2:40 PM	200
Aug. 24th, 2009 at 1:29 PM	117
Aug. 26th, 2009 at 11:57 AM	86
Aug. 27th, 2009 at 8:08 PM	180
Aug. 30th, 2009 at 1:01 AM	12
Aug. 30th, 2009 at 10:42 AM	32
Aug. 31st, 2009 at 11:50 PM	47
Sep. 1st, 2009 at 6:40 PM	5
Sep. 1st, 2009 at 7:57 PM	115
Sep. 2nd, 2009 at 12:49 PM	354
Sep. 3rd, 2009 at 12:35 PM	52
Sep. 5th, 2009 at 3:09 PM	96
Sep. 6th, 2009 at 12:40 PM	114
Sep. 9th, 2009 at 4:09 PM	643
Sep. 11th, 2009 at 7:39 PM	82
Sep. 13th, 2009 at 7:10 PM	427
Sep. 15th, 2009 at 12:31 AM	85
Sep. 17th, 2009 at 2:40 PM	191
Sep. 17th, 2009 at 3:02 PM	266
Sep. 20th, 2009 at 10:52 PM	1028
Sep. 22nd, 2009 at 4:49 PM	173
Sep. 23rd, 2009 at 12:35 AM	105
Sep. 23rd, 2009 at 4:36 PM	340
Sep. 25th, 2009 at 12:11 PM	45
Sep. 25th, 2009 at 2:17 PM	45
Sep. 26th, 2009 at 3:17 PM	38
Sep. 27th, 2009 at 11:41 PM	360
Sep. 29th, 2009 at 8:56 PM	14
Sep. 30th, 2009 at 11:10 AM	168
Sep. 30th, 2009 at 5:33 PM	24
Oct. 1st, 2009 at 1:24 PM	75
Oct. 1st, 2009 at 1:41 PM	142
Oct. 1st, 2009 at 3:15 PM	132
Oct. 5th, 2009 at 2:58 PM	410
Oct. 6th, 2009 at 3:58 PM	184
Oct. 6th, 2009 at 9:04 PM	127
Oct. 7th, 2009 at 1:33 PM	235
Oct. 7th, 2009 at 2:17 PM	89
Oct. 7th, 2009 at 2:58 PM	105
Oct. 9th, 2009 at 1:41 PM	230
Oct. 11th, 2009 at 4:21 PM	188
Oct. 12th, 2009 at 10:43 PM	91
Oct. 13th, 2009 at 5:34 PM	38
Oct. 14th, 2009 at 1:47 PM	300
Oct. 20th, 2009 at 10:53 AM	9
Oct. 20th, 2009 at 7:04 PM	227
Oct. 20th, 2009 at 11:32 PM	259
Oct. 21st, 2009 at 12:16 AM	138
Oct. 21st, 2009 at 3:37 PM	191
Oct. 21st, 2009 at 4:14 PM	76
Oct. 21st, 2009 at 4:30 PM	162
Oct. 21st, 2009 at 11:42 PM	194
Oct. 24th, 2009 at 2:30 AM	84
Oct. 26th, 2009 at 7:39 AM	121
Oct. 28th, 2009 at 2:11 PM	187
Nov. 1st, 2009 at 6:54 PM	16
Nov. 6th, 2009 at 11:25 AM	617
Nov. 7th, 2009 at 10:34 PM	42
Nov. 16th, 2009 at 11:19 AM	380
Nov. 24th, 2009 at 2:31 PM	288
Nov. 24th, 2009 at 2:39 PM	50
Nov. 26th, 2009 at 1:41 PM	75
Nov. 27th, 2009 at 4:10 PM	43
Nov. 29th, 2009 at 4:15 PM	65
Nov. 29th, 2009 at 4:46 PM	224
Nov. 29th, 2009 at 11:48 PM	201
Dec. 1st, 2009 at 1:19 PM	167
Dec. 4th, 2009 at 12:07 PM	155
Dec. 6th, 2009 at 6:40 PM	290
Dec. 8th, 2009 at 11:06 AM	197
Dec. 13th, 2009 at 11:38 PM	848
Dec. 18th, 2009 at 10:14 PM	38
Dec. 19th, 2009 at 5:08 PM	37
Dec. 20th, 2009 at 6:04 PM	66
Dec. 21st, 2009 at 11:42 PM	256
Dec. 22nd, 2009 at 5:01 PM	46
Dec. 22nd, 2009 at 5:55 PM	364
Dec. 24th, 2009 at 6:01 PM	16
Dec. 28th, 2009 at 9:56 AM	177
Jan. 1st, 2010 at 2:31 PM	21
Jan. 5th, 2010 at 11:42 AM	116
Jan. 6th, 2010 at 1:56 PM	153
Jan. 7th, 2010 at 12:37 PM	404
Jan. 7th, 2010 at 6:27 PM	452
Jan. 9th, 2010 at 10:14 PM	202
Jan. 11th, 2010 at 12:08 AM	614
Jan. 13th, 2010 at 2:35 PM	272
Jan. 15th, 2010 at 12:35 PM	461
Jan. 15th, 2010 at 1:20 PM	161
Jan. 16th, 2010 at 10:18 PM	96
Jan. 18th, 2010 at 12:38 AM	706
Jan. 19th, 2010 at 7:25 PM	23
Jan. 21st, 2010 at 5:46 PM	148
Jan. 21st, 2010 at 6:06 PM	58
Jan. 23rd, 2010 at 3:57 PM	26
Jan. 23rd, 2010 at 4:09 PM	221
Jan. 24th, 2010 at 11:51 PM	601
Jan. 26th, 2010 at 11:46 PM	44
Jan. 28th, 2010 at 6:52 PM	154
Jan. 29th, 2010 at 11:04 PM	2
Jan. 30th, 2010 at 11:04 AM	114
Jan. 31st, 2010 at 6:42 PM	68
Jan. 31st, 2010 at 6:48 PM	86
Jan. 31st, 2010 at 7:06 PM	188
Feb. 2nd, 2010 at 7:46 PM	171
Feb. 2nd, 2010 at 7:50 PM	0
Feb. 3rd, 2010 at 3:26 PM	66
Feb. 6th, 2010 at 4:34 PM	251
Feb. 6th, 2010 at 11:03 PM	225
Feb. 8th, 2010 at 8:06 PM	43
Feb. 11th, 2010 at 1:55 PM	154
Feb. 12th, 2010 at 4:45 PM	101
Feb. 14th, 2010 at 3:12 PM	38
Feb. 14th, 2010 at 6:53 PM	49
Feb. 15th, 2010 at 8:17 PM	398
Feb. 17th, 2010 at 5:15 PM	240
Feb. 19th, 2010 at 12:33 AM	234
Feb. 19th, 2010 at 7:34 PM	278
Feb. 19th, 2010 at 11:21 PM	180
Feb. 21st, 2010 at 3:44 PM	301
Feb. 23rd, 2010 at 2:04 PM	160
Feb. 26th, 2010 at 7:51 PM	13
Mar. 1st, 2010 at 12:02 AM	367
Mar. 1st, 2010 at 10:38 AM	190
Mar. 1st, 2010 at 12:51 PM	44
Mar. 2nd, 2010 at 2:53 PM	4
Mar. 2nd, 2010 at 11:32 PM	137
Mar. 5th, 2010 at 4:17 PM	119
Mar. 5th, 2010 at 10:37 PM	268
Mar. 5th, 2010 at 11:23 PM	530
Mar. 8th, 2010 at 1:24 PM	47
Mar. 10th, 2010 at 2:34 PM	138
Mar. 12th, 2010 at 12:23 AM	362
Mar. 12th, 2010 at 12:28 PM	41
Mar. 12th, 2010 at 1:10 PM	191
Mar. 12th, 2010 at 11:13 PM	365
Mar. 15th, 2010 at 1:01 PM	151
Mar. 16th, 2010 at 1:07 PM	70
Mar. 17th, 2010 at 6:22 PM	1185
Mar. 18th, 2010 at 12:19 PM	174
Mar. 21st, 2010 at 2:10 PM	122
Mar. 21st, 2010 at 11:08 PM	35
Mar. 22nd, 2010 at 12:30 AM	1528
Mar. 23rd, 2010 at 2:04 AM	409
Mar. 23rd, 2010 at 3:10 PM	347
Mar. 24th, 2010 at 1:42 PM	50
Mar. 25th, 2010 at 1:39 PM	245
Mar. 26th, 2010 at 12:53 AM	219
Mar. 26th, 2010 at 6:20 PM	24
Mar. 27th, 2010 at 12:42 AM	378
Mar. 31st, 2010 at 2:34 PM	168
Apr. 1st, 2010 at 3:38 PM	118
Apr. 2nd, 2010 at 1:18 AM	1222
Apr. 2nd, 2010 at 1:53 PM	378
Apr. 3rd, 2010 at 10:50 AM	138
Apr. 4th, 2010 at 5:02 PM	6
Apr. 4th, 2010 at 5:58 PM	27
Apr. 4th, 2010 at 10:37 PM	22
Apr. 5th, 2010 at 3:58 PM	464
Apr. 7th, 2010 at 3:58 PM	137
Apr. 9th, 2010 at 2:02 PM	308
Apr. 10th, 2010 at 12:43 PM	6772
Apr. 11th, 2010 at 12:04 PM	341
Apr. 11th, 2010 at 1:48 PM	80
Apr. 12th, 2010 at 1:20 PM	138
Apr. 12th, 2010 at 1:47 PM	403
Apr. 12th, 2010 at 5:52 PM	839
Apr. 13th, 2010 at 4:50 PM	117
Apr. 13th, 2010 at 6:35 PM	100
Apr. 15th, 2010 at 12:07 AM	95
Apr. 20th, 2010 at 11:31 AM	1158
Apr. 20th, 2010 at 4:45 PM	113
Apr. 21st, 2010 at 1:22 PM	576
Apr. 24th, 2010 at 6:03 PM	1758
Apr. 25th, 2010 at 4:58 PM	29
Apr. 27th, 2010 at 5:57 PM	164
Apr. 28th, 2010 at 8:29 PM	59
May. 1st, 2010 at 3:25 PM	129
May. 7th, 2010 at 2:08 AM	675
May. 7th, 2010 at 4:45 PM	49
May. 7th, 2010 at 7:35 PM	2639
May. 8th, 2010 at 2:58 PM	733
May. 8th, 2010 at 8:25 PM	1945
May. 9th, 2010 at 12:30 AM	315
May. 10th, 2010 at 12:34 AM	572
May. 11th, 2010 at 1:50 AM	203
May. 19th, 2010 at 3:15 PM	153
May. 21st, 2010 at 5:55 PM	128
May. 24th, 2010 at 12:38 AM	75
May. 24th, 2010 at 1:11 PM	231
Jun. 2nd, 2010 at 10:56 PM	457
Jun. 5th, 2010 at 5:39 PM	178
Jun. 9th, 2010 at 12:23 PM	55
Jun. 9th, 2010 at 5:09 PM	925
Jun. 13th, 2010 at 1:18 PM	88
Jun. 13th, 2010 at 7:38 PM	55
Jun. 14th, 2010 at 12:25 PM	336
Jun. 16th, 2010 at 12:34 PM	396
Jun. 17th, 2010 at 6:01 PM	60
Jun. 19th, 2010 at 1:52 PM	566
Jun. 22nd, 2010 at 2:19 PM	428
Jun. 22nd, 2010 at 5:30 PM	40
Jun. 22nd, 2010 at 5:35 PM	31
Jun. 23rd, 2010 at 1:25 PM	660
Jun. 23rd, 2010 at 3:31 PM	118
Jun. 25th, 2010 at 12:16 PM	221
Jun. 25th, 2010 at 1:38 PM	208
Jun. 27th, 2010 at 1:32 PM	419
Jun. 30th, 2010 at 12:25 AM	293
Jul. 1st, 2010 at 12:54 AM	18
Jul. 1st, 2010 at 1:21 AM	274
Jul. 2nd, 2010 at 12:46 PM	97
Jul. 3rd, 2010 at 12:27 AM	129
Jul. 12th, 2010 at 4:24 PM	345
Jul. 12th, 2010 at 5:09 PM	146
Jul. 12th, 2010 at 6:03 PM	235
Jul. 12th, 2010 at 7:44 PM	112
Jul. 13th, 2010 at 6:08 PM	233
Jul. 13th, 2010 at 11:54 PM	197
Jul. 14th, 2010 at 4:12 PM	141
Jul. 14th, 2010 at 6:37 PM	124
Jul. 15th, 2010 at 12:13 AM	160
Jul. 15th, 2010 at 1:38 PM	172
Jul. 15th, 2010 at 2:11 PM	38
Jul. 15th, 2010 at 3:17 PM	258
Jul. 15th, 2010 at 8:46 PM	478
Jul. 16th, 2010 at 11:38 AM	384
Jul. 16th, 2010 at 2:01 PM	177
Jul. 16th, 2010 at 2:20 PM	762
Jul. 16th, 2010 at 4:40 PM	43
Jul. 17th, 2010 at 1:48 PM	627
Jul. 21st, 2010 at 10:44 AM	78
Jul. 22nd, 2010 at 2:05 PM	58
Jul. 22nd, 2010 at 2:18 PM	28
Jul. 22nd, 2010 at 2:49 PM	178
Jul. 22nd, 2010 at 4:30 PM	661
Jul. 24th, 2010 at 1:26 AM	230
Jul. 24th, 2010 at 2:06 PM	738
Jul. 25th, 2010 at 8:08 PM	112
Jul. 26th, 2010 at 1:03 PM	89
Jul. 28th, 2010 at 4:50 PM	489
Jul. 28th, 2010 at 5:22 PM	143
Jul. 28th, 2010 at 8:44 PM	98
Jul. 28th, 2010 at 9:58 PM	173
Jul. 30th, 2010 at 8:02 PM	549
Jul. 31st, 2010 at 1:22 PM	92
Aug. 1st, 2010 at 11:22 AM	95
Aug. 1st, 2010 at 6:58 PM	44
Aug. 2nd, 2010 at 7:03 PM	380
Aug. 4th, 2010 at 12:06 AM	187
Aug. 7th, 2010 at 4:38 PM	85
Aug. 7th, 2010 at 6:28 PM	43
Aug. 8th, 2010 at 11:47 PM	407
Aug. 9th, 2010 at 8:04 PM	96
Aug. 9th, 2010 at 8:20 PM	163
Aug. 10th, 2010 at 12:25 AM	617
Aug. 10th, 2010 at 4:37 PM	88
Aug. 10th, 2010 at 10:12 PM	366
Aug. 11th, 2010 at 11:45 AM	240
Aug. 13th, 2010 at 11:08 PM	282
Aug. 15th, 2010 at 12:32 PM	162
Aug. 19th, 2010 at 10:57 AM	228
Aug. 19th, 2010 at 4:33 PM	124
Aug. 19th, 2010 at 4:57 PM	127
Aug. 20th, 2010 at 11:54 AM	627
Aug. 23rd, 2010 at 12:33 AM	18
Aug. 26th, 2010 at 2:35 PM	40
Aug. 29th, 2010 at 5:55 PM	197
Sep. 8th, 2010 at 4:34 PM	17
Sep. 12th, 2010 at 10:53 AM	158
Sep. 13th, 2010 at 4:07 PM	237
Sep. 17th, 2010 at 5:44 PM	1
Sep. 21st, 2010 at 8:40 AM	117
Sep. 24th, 2010 at 1:36 AM	110
Sep. 25th, 2010 at 11:53 PM	118
Sep. 27th, 2010 at 10:38 AM	156
Sep. 29th, 2010 at 12:39 AM	267
Sep. 29th, 2010 at 1:24 AM	550
Sep. 30th, 2010 at 10:23 AM	246
Oct. 4th, 2010 at 2:44 PM	482
Oct. 4th, 2010 at 8:26 PM	214
Oct. 6th, 2010 at 2:37 PM	373
Oct. 10th, 2010 at 4:03 PM	189
Oct. 13th, 2010 at 3:00 PM	57
Oct. 17th, 2010 at 1:35 PM	167
Oct. 20th, 2010 at 10:36 PM	26
Oct. 24th, 2010 at 10:25 AM	38
Oct. 27th, 2010 at 9:59 AM	48
Nov. 2nd, 2010 at 9:41 PM	149
Nov. 6th, 2010 at 11:30 PM	29
Nov. 9th, 2010 at 4:31 PM	41
Nov. 10th, 2010 at 3:46 PM	154
Nov. 11th, 2010 at 9:41 AM	250
Nov. 16th, 2010 at 5:52 PM	24
Nov. 19th, 2010 at 9:55 AM	407
Nov. 20th, 2010 at 11:42 AM	108
Nov. 20th, 2010 at 6:07 PM	418
Nov. 21st, 2010 at 11:23 AM	128
Nov. 23rd, 2010 at 12:28 PM	44
Nov. 23rd, 2010 at 5:42 PM	200
Nov. 23rd, 2010 at 9:30 PM	272
Nov. 24th, 2010 at 5:31 PM	163
Nov. 27th, 2010 at 10:41 PM	43
Nov. 28th, 2010 at 11:07 PM	45
Nov. 29th, 2010 at 1:58 PM	73
Dec. 5th, 2010 at 2:00 PM	122
Dec. 5th, 2010 at 2:54 PM	58
Dec. 5th, 2010 at 9:54 PM	24
Dec. 10th, 2010 at 3:10 PM	49
Dec. 10th, 2010 at 3:21 PM	273
Dec. 12th, 2010 at 6:31 PM	51
Dec. 14th, 2010 at 7:19 PM	194
Dec. 15th, 2010 at 3:17 PM	250
Dec. 16th, 2010 at 12:55 PM	36
Dec. 16th, 2010 at 1:56 PM	60
Dec. 16th, 2010 at 6:16 PM	123
Dec. 17th, 2010 at 2:34 PM	25
Dec. 19th, 2010 at 12:40 AM	730
Dec. 19th, 2010 at 3:50 PM	44
Dec. 19th, 2010 at 6:14 PM	229
Dec. 20th, 2010 at 12:11 AM	226
Dec. 21st, 2010 at 6:12 PM	18
Dec. 22nd, 2010 at 2:21 PM	174
Jan. 5th, 2011 at 2:21 PM	435
Jan. 11th, 2011 at 9:30 PM	272
Jan. 15th, 2011 at 1:39 PM	39
Jan. 16th, 2011 at 11:29 PM	166
Jan. 17th, 2011 at 12:25 AM	40
Jan. 21st, 2011 at 5:11 PM	91
Jan. 23rd, 2011 at 11:35 PM	13
Jan. 24th, 2011 at 3:54 PM	108
Jan. 26th, 2011 at 2:51 PM	124
Jan. 31st, 2011 at 6:11 PM	55
Feb. 2nd, 2011 at 11:10 AM	388
Feb. 6th, 2011 at 11:23 PM	289
Feb. 6th, 2011 at 11:38 PM	101
Feb. 7th, 2011 at 1:18 PM	57
Feb. 10th, 2011 at 10:29 AM	290
Feb. 11th, 2011 at 12:31 PM	489
Feb. 15th, 2011 at 12:17 PM	106
Feb. 15th, 2011 at 12:26 PM	64
Feb. 16th, 2011 at 11:12 AM	192
Feb. 16th, 2011 at 6:07 PM	17
Feb. 16th, 2011 at 10:42 PM	244
Feb. 17th, 2011 at 12:15 AM	473
Feb. 17th, 2011 at 1:19 PM	371
Feb. 21st, 2011 at 1:33 PM	41
Feb. 27th, 2011 at 10:53 PM	84
Mar. 2nd, 2011 at 10:04 AM	375
Mar. 3rd, 2011 at 9:11 AM	188
Mar. 3rd, 2011 at 1:40 PM	65
Mar. 4th, 2011 at 8:35 AM	89
Mar. 4th, 2011 at 11:15 AM	287
Mar. 8th, 2011 at 11:14 PM	220
Mar. 9th, 2011 at 12:23 PM	300
Mar. 10th, 2011 at 1:58 PM	8
Mar. 11th, 2011 at 12:42 PM	149
Mar. 12th, 2011 at 12:03 PM	68
Mar. 13th, 2011 at 10:50 PM	113
Mar. 13th, 2011 at 11:16 PM	34
Mar. 14th, 2011 at 2:08 PM	64
Mar. 15th, 2011 at 8:51 AM	90
Mar. 15th, 2011 at 12:06 PM	23
Mar. 16th, 2011 at 12:07 AM	35
Mar. 16th, 2011 at 9:59 AM	42
Mar. 16th, 2011 at 10:10 AM	23
Mar. 16th, 2011 at 10:34 AM	26
Mar. 16th, 2011 at 3:32 PM	41
Mar. 17th, 2011 at 4:12 PM	190
Mar. 17th, 2011 at 5:30 PM	179
Mar. 18th, 2011 at 11:59 AM	464
Mar. 19th, 2011 at 1:22 AM	588
Mar. 23rd, 2011 at 10:22 AM	129
Mar. 24th, 2011 at 8:08 PM	131
Mar. 25th, 2011 at 12:31 PM	221
Mar. 26th, 2011 at 1:58 PM	852
Mar. 27th, 2011 at 1:08 PM	49
Mar. 28th, 2011 at 12:18 AM	179
Mar. 30th, 2011 at 10:47 AM	159
Mar. 30th, 2011 at 11:30 AM	114
Mar. 30th, 2011 at 3:09 PM	177
Mar. 30th, 2011 at 6:27 PM	71
Apr. 1st, 2011 at 9:46 AM	432
Apr. 1st, 2011 at 12:10 PM	59
Apr. 1st, 2011 at 2:15 PM	45
Apr. 3rd, 2011 at 9:37 AM	63
Apr. 3rd, 2011 at 9:46 AM	93
Apr. 3rd, 2011 at 9:55 AM	85
Apr. 3rd, 2011 at 9:52 PM	111
Apr. 4th, 2011 at 11:02 PM	82
Apr. 6th, 2011 at 5:16 PM	64
Apr. 10th, 2011 at 3:07 PM	286
Apr. 10th, 2011 at 4:54 PM	50
Apr. 12th, 2011 at 9:49 AM	48
Apr. 13th, 2011 at 4:00 PM	61
Apr. 14th, 2011 at 12:22 AM	48
Apr. 14th, 2011 at 12:39 AM	25
Apr. 14th, 2011 at 9:40 AM	190
Apr. 15th, 2011 at 4:51 PM	236
Apr. 16th, 2011 at 12:35 PM	357
Apr. 17th, 2011 at 11:34 AM	111
Apr. 17th, 2011 at 1:09 PM	296
Apr. 18th, 2011 at 9:18 PM	9
Apr. 19th, 2011 at 9:37 AM	440
Apr. 21st, 2011 at 9:50 AM	161
Apr. 21st, 2011 at 5:40 PM	179
Apr. 27th, 2011 at 12:16 PM	0
Apr. 30th, 2011 at 4:36 PM	247
May. 4th, 2011 at 12:48 PM	208
May. 5th, 2011 at 11:01 PM	11
May. 6th, 2011 at 12:13 PM	56
May. 7th, 2011 at 3:21 PM	323
May. 7th, 2011 at 9:46 PM	29
May. 8th, 2011 at 11:26 AM	60
May. 12th, 2011 at 6:16 PM	120
May. 13th, 2011 at 12:34 AM	335
May. 13th, 2011 at 4:21 PM	66
May. 13th, 2011 at 6:25 PM	30
May. 14th, 2011 at 12:21 PM	266
May. 14th, 2011 at 1:25 PM	227
May. 15th, 2011 at 5:08 PM	237
May. 18th, 2011 at 4:14 PM	265
May. 19th, 2011 at 9:33 PM	2040
May. 21st, 2011 at 4:30 PM	11
May. 24th, 2011 at 4:03 PM	288
May. 25th, 2011 at 12:26 AM	251
May. 26th, 2011 at 11:05 AM	14
May. 26th, 2011 at 3:15 PM	74
May. 29th, 2011 at 2:57 PM	166
May. 29th, 2011 at 3:09 PM	117
Jun. 1st, 2011 at 12:42 PM	527
Jun. 3rd, 2011 at 9:47 AM	119
Jun. 3rd, 2011 at 9:51 PM	78
Jun. 5th, 2011 at 12:30 PM	210
Jun. 7th, 2011 at 7:57 PM	143
Jun. 9th, 2011 at 12:55 PM	70
Jun. 10th, 2011 at 3:58 PM	323
Jun. 10th, 2011 at 5:44 PM	108
Jun. 11th, 2011 at 9:54 AM	91
Jun. 11th, 2011 at 1:31 PM	66
Jun. 12th, 2011 at 11:56 AM	635
Jun. 15th, 2011 at 4:56 PM	186
Jun. 18th, 2011 at 11:01 PM	160
Jun. 19th, 2011 at 10:27 PM	339
Jun. 20th, 2011 at 11:40 PM	177
Jun. 23rd, 2011 at 12:17 AM	174
Jun. 24th, 2011 at 12:09 AM	129
Jun. 26th, 2011 at 12:20 PM	199
Jun. 27th, 2011 at 8:43 AM	59
Jun. 28th, 2011 at 8:31 AM	54
Jun. 29th, 2011 at 7:57 AM	243
Jun. 29th, 2011 at 8:06 AM	92
Jun. 29th, 2011 at 10:30 AM	238
Jun. 29th, 2011 at 1:37 PM	48
Jun. 30th, 2011 at 1:15 PM	437
Jul. 1st, 2011 at 3:05 PM	369
Jul. 2nd, 2011 at 11:12 AM	375
Jul. 4th, 2011 at 11:12 AM	211
Jul. 4th, 2011 at 7:12 PM	97
Jul. 5th, 2011 at 7:16 PM	116
Jul. 7th, 2011 at 9:35 AM	114
Jul. 7th, 2011 at 5:16 PM	15
Jul. 7th, 2011 at 10:29 PM	250
Jul. 8th, 2011 at 6:36 PM	234
Jul. 9th, 2011 at 8:44 PM	407
Jul. 10th, 2011 at 11:21 AM	138
Jul. 15th, 2011 at 6:21 PM	338
Jul. 16th, 2011 at 10:12 PM	65
Jul. 17th, 2011 at 9:39 PM	310
Jul. 19th, 2011 at 10:59 AM	309
Jul. 19th, 2011 at 11:28 AM	41
Jul. 19th, 2011 at 1:47 PM	20
Jul. 19th, 2011 at 4:19 PM	563
Jul. 25th, 2011 at 6:15 PM	133
Jul. 30th, 2011 at 9:12 AM	123
Aug. 1st, 2011 at 8:26 AM	44
Aug. 4th, 2011 at 12:43 PM	71
Aug. 4th, 2011 at 1:32 PM	26
Aug. 5th, 2011 at 3:14 PM	234
Aug. 6th, 2011 at 3:28 PM	19
Aug. 6th, 2011 at 4:22 PM	42
Aug. 6th, 2011 at 4:47 PM	39
Aug. 6th, 2011 at 5:18 PM	596
Aug. 6th, 2011 at 7:21 PM	115
Aug. 7th, 2011 at 4:11 PM	85
Aug. 8th, 2011 at 8:41 AM	114
Aug. 8th, 2011 at 7:55 PM	47
Aug. 9th, 2011 at 4:14 PM	40
Aug. 10th, 2011 at 11:25 AM	325
Aug. 10th, 2011 at 1:52 PM	175
Aug. 11th, 2011 at 3:20 PM	50
Aug. 13th, 2011 at 1:34 PM	410
Aug. 13th, 2011 at 6:28 PM	1130
Aug. 14th, 2011 at 10:32 AM	51
Aug. 14th, 2011 at 8:46 PM	240
Aug. 25th, 2011 at 7:37 PM	40
Aug. 31st, 2011 at 11:45 AM	26
Sep. 1st, 2011 at 11:56 AM	24
Sep. 1st, 2011 at 6:13 PM	177
Sep. 4th, 2011 at 4:43 PM	349
Sep. 5th, 2011 at 6:05 PM	28
Sep. 8th, 2011 at 1:16 AM	218
Sep. 11th, 2011 at 12:18 PM	327
Sep. 11th, 2011 at 10:58 PM	300
Sep. 12th, 2011 at 4:52 PM	213
Sep. 15th, 2011 at 9:31 AM	127
Sep. 15th, 2011 at 9:40 AM	144
Sep. 20th, 2011 at 11:52 AM	303
Sep. 22nd, 2011 at 3:42 PM	110
Sep. 25th, 2011 at 6:45 PM	67
Sep. 25th, 2011 at 8:12 PM	812
Sep. 27th, 2011 at 2:36 PM	52
Sep. 27th, 2011 at 2:56 PM	47
Sep. 28th, 2011 at 4:14 PM	9
Sep. 29th, 2011 at 2:48 PM	216
Sep. 29th, 2011 at 3:52 PM	99
Sep. 30th, 2011 at 11:55 AM	209
Oct. 1st, 2011 at 12:08 AM	420
Oct. 1st, 2011 at 1:05 AM	114
Oct. 3rd, 2011 at 1:23 AM	561
Oct. 10th, 2011 at 12:17 AM	43
Oct. 10th, 2011 at 4:32 PM	35
Oct. 10th, 2011 at 6:12 PM	28
Oct. 10th, 2011 at 6:26 PM	41
Oct. 11th, 2011 at 10:34 AM	158
Oct. 12th, 2011 at 5:08 PM	115
Oct. 13th, 2011 at 1:59 PM	180
Oct. 18th, 2011 at 12:29 PM	517
Oct. 19th, 2011 at 7:51 PM	59
Oct. 20th, 2011 at 6:45 PM	376
Oct. 21st, 2011 at 12:04 PM	3
Oct. 23rd, 2011 at 4:30 PM	323
Oct. 26th, 2011 at 4:34 PM	162
Oct. 28th, 2011 at 2:05 PM	206
Oct. 30th, 2011 at 6:07 PM	360
Nov. 4th, 2011 at 2:54 PM	13
Nov. 6th, 2011 at 11:10 PM	918
Nov. 11th, 2011 at 3:00 PM	145
Nov. 13th, 2011 at 10:29 PM	13
Nov. 14th, 2011 at 2:37 PM	53
Nov. 14th, 2011 at 4:45 PM	181
Nov. 15th, 2011 at 12:10 AM	90
Nov. 15th, 2011 at 12:47 PM	89
Nov. 16th, 2011 at 6:39 PM	118
Nov. 20th, 2011 at 1:28 PM	44
Nov. 20th, 2011 at 1:59 PM	145
Nov. 21st, 2011 at 12:02 AM	59
Nov. 24th, 2011 at 1:12 PM	26
Nov. 25th, 2011 at 1:37 PM	59
Nov. 27th, 2011 at 3:13 PM	167
Nov. 29th, 2011 at 9:41 AM	40
Dec. 1st, 2011 at 3:33 PM	58
Dec. 3rd, 2011 at 10:54 PM	37
Dec. 6th, 2011 at 2:45 AM	59
Dec. 8th, 2011 at 4:36 PM	74
Dec. 12th, 2011 at 11:50 AM	61
Dec. 13th, 2011 at 11:40 AM	77
Dec. 14th, 2011 at 12:16 PM	62
Dec. 15th, 2011 at 11:45 AM	323
Dec. 16th, 2011 at 12:38 PM	107
Dec. 16th, 2011 at 4:06 PM	10
Dec. 18th, 2011 at 6:29 PM	162
Dec. 20th, 2011 at 1:57 PM	382
Dec. 21st, 2011 at 11:34 AM	25
Dec. 21st, 2011 at 11:42 AM	213
Dec. 21st, 2011 at 11:52 PM	418
Dec. 22nd, 2011 at 3:06 PM	61
Dec. 22nd, 2011 at 5:06 PM	76
Dec. 25th, 2011 at 12:00 PM	33
Dec. 28th, 2011 at 4:46 PM	183
Dec. 28th, 2011 at 5:01 PM	31
Jan. 1st, 2012 at 12:11 AM	1126
Jan. 1st, 2012 at 3:03 PM	318
Jan. 1st, 2012 at 11:47 PM	525
Jan. 3rd, 2012 at 1:48 PM	203
Jan. 8th, 2012 at 10:48 PM	480
Jan. 13th, 2012 at 12:23 PM	143
Jan. 15th, 2012 at 1:01 PM	225
Jan. 17th, 2012 at 4:09 PM	191
Jan. 18th, 2012 at 12:50 PM	306
Jan. 19th, 2012 at 4:47 PM	264
Jan. 19th, 2012 at 5:48 PM	119
Jan. 19th, 2012 at 8:07 PM	125
Jan. 20th, 2012 at 12:19 AM	184
Jan. 20th, 2012 at 11:20 AM	162
Jan. 22nd, 2012 at 12:21 PM	344
Jan. 22nd, 2012 at 9:31 PM	387
Jan. 24th, 2012 at 2:59 PM	809
Jan. 25th, 2012 at 1:00 PM	1092
Jan. 26th, 2012 at 10:52 PM	1070
Jan. 29th, 2012 at 12:04 PM	911
Jan. 29th, 2012 at 8:32 PM	78
Jan. 29th, 2012 at 8:37 PM	49
Jan. 31st, 2012 at 10:40 AM	75
Feb. 2nd, 2012 at 11:33 AM	77
Feb. 3rd, 2012 at 11:30 AM	44
Feb. 5th, 2012 at 2:10 PM	150
Feb. 5th, 2012 at 11:19 PM	792
Feb. 7th, 2012 at 10:46 PM	395
Feb. 9th, 2012 at 11:30 AM	108
Feb. 9th, 2012 at 1:40 PM	75
Feb. 9th, 2012 at 1:48 PM	80
Feb. 9th, 2012 at 1:56 PM	68
Feb. 9th, 2012 at 2:06 PM	55
Feb. 9th, 2012 at 2:13 PM	81
Feb. 12th, 2012 at 5:05 PM	166
Feb. 13th, 2012 at 5:34 PM	36
Feb. 13th, 2012 at 6:24 PM	6
Feb. 14th, 2012 at 10:39 AM	49
Feb. 14th, 2012 at 6:17 PM	278
Feb. 16th, 2012 at 4:21 PM	81
Feb. 17th, 2012 at 1:02 PM	428
Feb. 19th, 2012 at 3:17 PM	89
Feb. 21st, 2012 at 12:20 PM	35
Feb. 23rd, 2012 at 11:15 PM	286
Feb. 25th, 2012 at 5:09 PM	342
Feb. 26th, 2012 at 2:24 PM	0
Feb. 27th, 2012 at 3:55 PM	47
Mar. 1st, 2012 at 12:17 PM	282
Mar. 1st, 2012 at 1:09 PM	234
Mar. 1st, 2012 at 3:22 PM	154
Mar. 2nd, 2012 at 11:37 AM	56
Mar. 3rd, 2012 at 10:52 PM	43
Mar. 7th, 2012 at 11:26 AM	38
Mar. 10th, 2012 at 10:06 AM	58
Mar. 10th, 2012 at 11:23 AM	10
Mar. 15th, 2012 at 10:48 AM	379
Mar. 17th, 2012 at 1:30 PM	125
Mar. 18th, 2012 at 11:39 AM	64
Mar. 18th, 2012 at 11:53 AM	53
Mar. 20th, 2012 at 10:21 AM	11
Mar. 21st, 2012 at 11:42 AM	183
Mar. 22nd, 2012 at 3:23 PM	21
Mar. 24th, 2012 at 10:43 AM	27
Mar. 25th, 2012 at 10:14 AM	0
Mar. 26th, 2012 at 11:24 PM	154
Mar. 27th, 2012 at 8:34 AM	19
Mar. 29th, 2012 at 10:17 AM	27
Apr. 10th, 2012 at 1:38 PM	104
Apr. 11th, 2012 at 12:21 AM	102
Apr. 16th, 2012 at 9:13 AM	182
Apr. 17th, 2012 at 7:36 AM	7
Apr. 22nd, 2012 at 9:33 AM	64
Apr. 23rd, 2012 at 7:24 PM	58
Apr. 26th, 2012 at 10:44 AM	53
Apr. 27th, 2012 at 9:18 AM	394
May. 1st, 2012 at 2:07 PM	14
May. 2nd, 2012 at 11:05 PM	78
May. 3rd, 2012 at 3:01 PM	80
May. 5th, 2012 at 4:24 PM	234
May. 12th, 2012 at 12:41 AM	1202
May. 12th, 2012 at 3:21 PM	75
May. 15th, 2012 at 12:07 PM	139
May. 18th, 2012 at 11:26 AM	98
May. 21st, 2012 at 5:46 PM	13
May. 22nd, 2012 at 10:21 AM	345
May. 23rd, 2012 at 11:58 PM	27
May. 30th, 2012 at 11:09 AM	154
Jun. 1st, 2012 at 11:43 AM	182
Jun. 9th, 2012 at 5:37 PM	203
Jun. 9th, 2012 at 6:23 PM	108
Jun. 14th, 2012 at 7:20 PM	292
Jun. 18th, 2012 at 12:14 AM	201
Jun. 20th, 2012 at 12:47 PM	6
Jun. 22nd, 2012 at 11:27 AM	101
Jun. 23rd, 2012 at 2:57 PM	467
Jun. 26th, 2012 at 11:09 PM	189
Jun. 29th, 2012 at 10:55 PM	504
Jun. 30th, 2012 at 2:02 PM	28
Jul. 9th, 2012 at 9:32 AM	126
Jul. 10th, 2012 at 10:58 AM	88
Jul. 11th, 2012 at 1:12 AM	516
Jul. 11th, 2012 at 10:36 AM	149
Jul. 16th, 2012 at 9:55 PM	70
Jul. 23rd, 2012 at 2:09 PM	66
Jul. 29th, 2012 at 6:44 PM	95
Aug. 1st, 2012 at 10:58 AM	63
Aug. 5th, 2012 at 12:41 PM	368
Aug. 7th, 2012 at 1:38 PM	97
Aug. 11th, 2012 at 3:46 PM	454
Aug. 11th, 2012 at 11:16 PM	516
Aug. 12th, 2012 at 3:55 PM	20
Aug. 13th, 2012 at 11:01 PM	537
Aug. 14th, 2012 at 11:57 AM	233
Aug. 14th, 2012 at 1:26 PM	516
Aug. 15th, 2012 at 11:20 AM	143
Aug. 19th, 2012 at 3:19 PM	19
Aug. 23rd, 2012 at 9:52 PM	50
Aug. 24th, 2012 at 12:06 PM	266
Aug. 28th, 2012 at 8:53 AM	129
Sep. 4th, 2012 at 5:34 PM	164
Sep. 5th, 2012 at 11:14 PM	214
Sep. 9th, 2012 at 6:01 PM	501
Sep. 12th, 2012 at 9:24 PM	70
Sep. 15th, 2012 at 10:36 PM	144
Sep. 16th, 2012 at 10:06 PM	954
Sep. 20th, 2012 at 9:45 AM	25
Sep. 23rd, 2012 at 11:21 AM	136
Sep. 24th, 2012 at 1:01 PM	13
Sep. 28th, 2012 at 10:22 AM	41
Sep. 30th, 2012 at 11:40 PM	205
Oct. 1st, 2012 at 3:09 PM	694
Oct. 7th, 2012 at 5:20 PM	2
Oct. 14th, 2012 at 6:46 PM	500
Oct. 15th, 2012 at 2:14 PM	103
Oct. 17th, 2012 at 12:58 PM	31
Oct. 18th, 2012 at 2:19 PM	24
Oct. 19th, 2012 at 5:49 PM	69
Oct. 21st, 2012 at 11:06 PM	967
Oct. 22nd, 2012 at 10:48 PM	318
Oct. 24th, 2012 at 10:51 PM	68
Oct. 25th, 2012 at 2:28 PM	117
Oct. 28th, 2012 at 11:45 PM	1631
Oct. 29th, 2012 at 3:38 PM	228
Oct. 30th, 2012 at 11:22 AM	598
Nov. 1st, 2012 at 1:48 PM	215
Nov. 4th, 2012 at 5:55 PM	164
Nov. 4th, 2012 at 6:09 PM	331
Nov. 5th, 2012 at 10:02 AM	440
Nov. 6th, 2012 at 3:19 PM	249
Nov. 7th, 2012 at 12:38 AM	319
Nov. 11th, 2012 at 9:25 PM	17
Nov. 13th, 2012 at 2:42 PM	274
Nov. 14th, 2012 at 5:00 PM	18
Nov. 22nd, 2012 at 11:20 AM	52
Nov. 26th, 2012 at 11:04 AM	288
Nov. 26th, 2012 at 6:51 PM	18
Nov. 27th, 2012 at 11:33 AM	248
Nov. 29th, 2012 at 11:08 AM	7
Nov. 30th, 2012 at 6:43 PM	341
Dec. 2nd, 2012 at 2:48 PM	163
Dec. 2nd, 2012 at 10:20 PM	26
Dec. 3rd, 2012 at 10:53 AM	283
Dec. 6th, 2012 at 12:05 PM	31
Dec. 6th, 2012 at 2:33 PM	110
Dec. 9th, 2012 at 8:20 PM	464
Dec. 10th, 2012 at 11:48 AM	44
Dec. 10th, 2012 at 6:20 PM	426
Dec. 11th, 2012 at 1:14 PM	21
Dec. 16th, 2012 at 1:58 PM	7
Dec. 20th, 2012 at 1:35 PM	184
Dec. 23rd, 2012 at 5:36 PM	10
Dec. 23rd, 2012 at 10:36 PM	254
Dec. 25th, 2012 at 4:23 PM	66
Dec. 28th, 2012 at 12:03 PM	121
Dec. 30th, 2012 at 5:50 PM	667
Dec. 31st, 2012 at 11:25 PM	15
Jan. 1st, 2013 at 9:00 PM	100
Jan. 3rd, 2013 at 12:05 AM	914
Jan. 5th, 2013 at 12:21 PM	276
Jan. 7th, 2013 at 11:12 AM	137
Jan. 8th, 2013 at 4:55 PM	99
Jan. 10th, 2013 at 9:42 AM	76
Jan. 10th, 2013 at 6:50 PM	349
Jan. 11th, 2013 at 11:30 PM	15
Jan. 16th, 2013 at 1:32 PM	74
Jan. 17th, 2013 at 11:05 PM	17
Jan. 18th, 2013 at 3:46 PM	79
Jan. 20th, 2013 at 10:46 AM	28
Jan. 20th, 2013 at 11:02 PM	491
Jan. 21st, 2013 at 4:16 PM	3
Jan. 21st, 2013 at 10:33 PM	43
Jan. 22nd, 2013 at 3:18 PM	417
Feb. 1st, 2013 at 12:11 PM	79
Feb. 4th, 2013 at 1:04 AM	135
Feb. 4th, 2013 at 8:22 PM	297
Feb. 5th, 2013 at 10:45 PM	171
Feb. 9th, 2013 at 10:55 AM	28
Feb. 9th, 2013 at 8:05 PM	381
Feb. 10th, 2013 at 7:29 PM	21
Feb. 12th, 2013 at 9:18 PM	57
Feb. 13th, 2013 at 2:05 PM	114
Feb. 13th, 2013 at 2:26 PM	249
Feb. 23rd, 2013 at 11:38 AM	45
Feb. 23rd, 2013 at 5:37 PM	176
Feb. 24th, 2013 at 5:16 PM	210
Feb. 25th, 2013 at 6:30 PM	692
Feb. 26th, 2013 at 9:39 AM	96
Feb. 26th, 2013 at 10:22 PM	907
Feb. 27th, 2013 at 10:26 AM	684
Feb. 28th, 2013 at 4:45 PM	507
Mar. 1st, 2013 at 3:50 PM	661
Mar. 2nd, 2013 at 10:24 AM	522
Mar. 2nd, 2013 at 6:47 PM	28
Mar. 3rd, 2013 at 11:59 AM	690
Mar. 9th, 2013 at 1:23 PM	108
Mar. 10th, 2013 at 1:40 PM	51
Mar. 11th, 2013 at 9:55 PM	259
Mar. 12th, 2013 at 11:20 AM	425
Mar. 13th, 2013 at 1:24 AM	1158
Mar. 15th, 2013 at 3:38 PM	332
Mar. 16th, 2013 at 10:34 PM	110
Mar. 26th, 2013 at 7:01 PM	55
Mar. 30th, 2013 at 3:51 PM	359
Mar. 31st, 2013 at 11:50 AM	175
Apr. 3rd, 2013 at 11:09 AM	99
Apr. 4th, 2013 at 1:05 PM	73
Apr. 5th, 2013 at 1:15 PM	206
Apr. 7th, 2013 at 11:39 PM	118
Apr. 12th, 2013 at 4:23 PM	211
Apr. 17th, 2013 at 6:06 PM	216
Apr. 18th, 2013 at 11:46 AM	32
Apr. 19th, 2013 at 7:50 PM	72
Apr. 19th, 2013 at 10:08 PM	165
Apr. 19th, 2013 at 11:16 PM	539
Apr. 21st, 2013 at 10:14 PM	527
Apr. 26th, 2013 at 3:37 PM	245
Apr. 27th, 2013 at 12:08 PM	104
Apr. 28th, 2013 at 12:17 PM	301
Apr. 30th, 2013 at 11:14 AM	39
May. 7th, 2013 at 1:38 PM	59
May. 8th, 2013 at 6:37 PM	548
May. 9th, 2013 at 1:35 PM	139
May. 10th, 2013 at 1:50 PM	124
May. 12th, 2013 at 2:11 PM	138
May. 13th, 2013 at 12:32 PM	258
May. 15th, 2013 at 11:42 AM	797
May. 15th, 2013 at 12:36 PM	87
May. 21st, 2013 at 11:24 AM	153
May. 29th, 2013 at 4:33 PM	357
Jun. 1st, 2013 at 4:35 PM	527
Jun. 2nd, 2013 at 11:23 AM	368
Jun. 11th, 2013 at 1:04 PM	106
Jun. 12th, 2013 at 10:28 AM	60
Jun. 20th, 2013 at 10:20 AM	179
Jun. 29th, 2013 at 10:33 PM	90
Jul. 4th, 2013 at 12:33 AM	937
Jul. 8th, 2013 at 3:38 PM	293
Jul. 8th, 2013 at 11:37 PM	866
Jul. 9th, 2013 at 9:19 AM	854
Jul. 13th, 2013 at 5:18 PM	397
Jul. 15th, 2013 at 5:53 PM	4
Jul. 17th, 2013 at 12:39 AM	235
Jul. 24th, 2013 at 2:54 PM	0
Jul. 25th, 2013 at 9:45 AM	222
Jul. 25th, 2013 at 6:41 PM	206
Jul. 26th, 2013 at 7:15 PM	0
Jul. 28th, 2013 at 2:27 PM	72
Jul. 29th, 2013 at 10:02 AM	0
Jul. 29th, 2013 at 1:15 PM	320
Jul. 29th, 2013 at 2:17 PM	0
Jul. 29th, 2013 at 6:18 PM	462
Jul. 30th, 2013 at 11:55 AM	19
Aug. 2nd, 2013 at 8:56 AM	136
Aug. 3rd, 2013 at 11:24 AM	90
Aug. 5th, 2013 at 2:37 PM	34
Aug. 6th, 2013 at 12:30 PM	0
Aug. 8th, 2013 at 11:08 AM	99
Aug. 9th, 2013 at 10:36 AM	17
Aug. 11th, 2013 at 11:19 PM	509
Aug. 14th, 2013 at 1:01 AM	144
Aug. 15th, 2013 at 3:20 PM	68
Aug. 18th, 2013 at 1:10 PM	812
Aug. 18th, 2013 at 5:48 PM	1008
Aug. 31st, 2013 at 10:21 AM	75
Sep. 6th, 2013 at 11:43 PM	454
Sep. 7th, 2013 at 12:42 PM	21
Sep. 7th, 2013 at 2:19 PM	184
Sep. 8th, 2013 at 1:12 AM	142
Sep. 8th, 2013 at 1:18 AM	137
Sep. 9th, 2013 at 1:52 PM	0
Sep. 12th, 2013 at 11:58 PM	0
Sep. 14th, 2013 at 1:10 PM	177
Sep. 14th, 2013 at 5:21 PM	0
Sep. 15th, 2013 at 1:44 PM	267
Sep. 15th, 2013 at 2:06 PM	0
Sep. 15th, 2013 at 6:32 PM	9
Sep. 16th, 2013 at 3:29 PM	0
Sep. 16th, 2013 at 7:34 PM	38
Sep. 18th, 2013 at 6:59 PM	0
Sep. 20th, 2013 at 1:20 AM	0
Sep. 23rd, 2013 at 11:55 AM	0
Sep. 29th, 2013 at 9:37 AM	50
Sep. 30th, 2013 at 9:19 AM	108
Oct. 1st, 2013 at 8:53 AM	232
Oct. 2nd, 2013 at 10:20 AM	408
Oct. 4th, 2013 at 10:14 AM	192
Oct. 4th, 2013 at 1:04 PM	450
Oct. 5th, 2013 at 11:22 AM	0
Oct. 6th, 2013 at 5:10 PM	44
Oct. 7th, 2013 at 11:14 PM	264
Oct. 8th, 2013 at 12:19 PM	53
Oct. 8th, 2013 at 10:55 PM	0
Oct. 15th, 2013 at 2:52 PM	44
Oct. 19th, 2013 at 6:29 PM	263
Oct. 20th, 2013 at 9:43 PM	0
Oct. 21st, 2013 at 11:39 AM	0
Oct. 22nd, 2013 at 9:47 AM	194
Oct. 22nd, 2013 at 11:48 AM	45
Oct. 22nd, 2013 at 12:57 PM	105
Oct. 24th, 2013 at 7:05 PM	45
Oct. 25th, 2013 at 7:49 PM	33
Oct. 28th, 2013 at 1:04 PM	243
Oct. 28th, 2013 at 2:40 PM	142
Oct. 29th, 2013 at 10:14 AM	241
Oct. 29th, 2013 at 4:54 PM	0
Oct. 30th, 2013 at 4:51 PM	49
Oct. 31st, 2013 at 10:44 AM	517
Oct. 31st, 2013 at 3:56 PM	319
Nov. 3rd, 2013 at 11:28 AM	153
Nov. 4th, 2013 at 12:41 AM	0
Nov. 19th, 2013 at 11:42 AM	107
Nov. 22nd, 2013 at 11:05 AM	29
Nov. 25th, 2013 at 4:20 PM	93
Nov. 27th, 2013 at 1:35 PM	78
Nov. 29th, 2013 at 1:27 PM	17
Nov. 30th, 2013 at 10:33 PM	167
Dec. 1st, 2013 at 4:15 PM	224
Dec. 2nd, 2013 at 5:53 PM	145
Dec. 6th, 2013 at 7:36 PM	367
Dec. 10th, 2013 at 1:11 AM	16
Dec. 10th, 2013 at 12:55 PM	298
Dec. 11th, 2013 at 1:19 PM	247
Dec. 14th, 2013 at 8:06 PM	281
Dec. 15th, 2013 at 5:51 PM	120
Dec. 18th, 2013 at 9:39 AM	69
Dec. 19th, 2013 at 12:27 PM	123
Dec. 19th, 2013 at 5:48 PM	334
Dec. 22nd, 2013 at 7:33 PM	282
Dec. 25th, 2013 at 11:12 AM	27
Dec. 29th, 2013 at 10:41 PM	704
Jan. 1st, 2014 at 12:01 PM	39
Jan. 1st, 2014 at 3:52 PM	59
Jan. 6th, 2014 at 11:39 AM	269
Jan. 9th, 2014 at 12:33 PM	193
Jan. 11th, 2014 at 7:07 PM	0
Jan. 12th, 2014 at 9:36 PM	25
Jan. 12th, 2014 at 10:26 PM	92
Jan. 16th, 2014 at 11:29 PM	308
Jan. 17th, 2014 at 11:22 AM	162
Jan. 18th, 2014 at 6:13 PM	542
Jan. 22nd, 2014 at 1:17 PM	244
Jan. 24th, 2014 at 1:20 PM	88
Jan. 28th, 2014 at 12:40 PM	328
Jan. 28th, 2014 at 1:00 PM	203
Jan. 29th, 2014 at 12:47 PM	37
Jan. 29th, 2014 at 8:27 PM	249
Feb. 1st, 2014 at 5:46 PM	179
Feb. 2nd, 2014 at 10:53 AM	225
Feb. 6th, 2014 at 2:11 PM	143
Feb. 9th, 2014 at 10:41 PM	108
Feb. 9th, 2014 at 11:13 PM	110
Feb. 10th, 2014 at 4:52 PM	51
Feb. 10th, 2014 at 5:27 PM	6
Feb. 11th, 2014 at 11:01 PM	0
Feb. 12th, 2014 at 11:10 AM	237
Feb. 12th, 2014 at 1:42 PM	118
Feb. 13th, 2014 at 5:53 PM	349
Feb. 15th, 2014 at 1:17 PM	0
Feb. 16th, 2014 at 11:50 PM	26
Feb. 18th, 2014 at 11:32 PM	95
Feb. 19th, 2014 at 1:10 AM	132
Feb. 19th, 2014 at 1:17 AM	318
Feb. 25th, 2014 at 12:01 AM	768
Feb. 27th, 2014 at 11:24 PM	0
Mar. 8th, 2014 at 6:41 PM	90
Mar. 8th, 2014 at 6:55 PM	208
Mar. 8th, 2014 at 7:07 PM	144
Mar. 9th, 2014 at 11:20 PM	48
Mar. 12th, 2014 at 11:56 AM	513
Mar. 22nd, 2014 at 4:40 PM	99
Mar. 22nd, 2014 at 7:56 PM	513
Mar. 25th, 2014 at 4:12 PM	277
Mar. 25th, 2014 at 7:28 PM	95
Mar. 27th, 2014 at 1:00 PM	197
Mar. 27th, 2014 at 3:20 PM	288
Mar. 28th, 2014 at 10:17 PM	139
Mar. 31st, 2014 at 7:42 PM	249
Apr. 1st, 2014 at 12:52 PM	11
Apr. 3rd, 2014 at 11:29 PM	124
Apr. 6th, 2014 at 12:43 PM	141
Apr. 6th, 2014 at 11:12 PM	165
Apr. 6th, 2014 at 11:25 PM	146
Apr. 7th, 2014 at 3:35 PM	306
Apr. 7th, 2014 at 11:31 PM	44
Apr. 8th, 2014 at 12:36 PM	201
Apr. 8th, 2014 at 2:31 PM	22
Apr. 8th, 2014 at 5:26 PM	92
Apr. 9th, 2014 at 10:51 PM	23
Apr. 11th, 2014 at 7:12 PM	13
Apr. 14th, 2014 at 1:17 PM	470
Apr. 15th, 2014 at 3:37 PM	0
Apr. 16th, 2014 at 10:49 AM	117
Apr. 19th, 2014 at 4:30 PM	631
Apr. 20th, 2014 at 6:10 PM	126
Apr. 22nd, 2014 at 3:52 AM	225
Apr. 23rd, 2014 at 8:15 PM	31
Apr. 24th, 2014 at 12:57 PM	209
Apr. 27th, 2014 at 12:47 PM	168
May. 1st, 2014 at 11:26 AM	25
May. 1st, 2014 at 3:26 PM	81
May. 2nd, 2014 at 12:43 AM	15
May. 6th, 2014 at 10:50 AM	30
May. 6th, 2014 at 7:03 PM	134
May. 7th, 2014 at 4:53 PM	96
May. 7th, 2014 at 8:25 PM	213
May. 9th, 2014 at 1:08 PM	8
May. 10th, 2014 at 2:29 PM	473
May. 10th, 2014 at 11:07 PM	52
May. 16th, 2014 at 11:18 AM	147
May. 20th, 2014 at 12:13 AM	105
May. 21st, 2014 at 4:19 PM	0
May. 22nd, 2014 at 1:29 AM	0
May. 25th, 2014 at 7:16 PM	17
May. 27th, 2014 at 6:33 PM	192
May. 28th, 2014 at 4:04 PM	77
May. 29th, 2014 at 12:30 AM	55
May. 29th, 2014 at 1:11 AM	83
Jun. 4th, 2014 at 12:52 AM	132
Jun. 5th, 2014 at 10:46 AM	206
Jun. 5th, 2014 at 7:02 PM	22
Jun. 6th, 2014 at 2:44 PM	89
Jun. 7th, 2014 at 11:06 AM	42
Jun. 8th, 2014 at 1:36 AM	4
Jun. 11th, 2014 at 1:11 PM	207
Jun. 14th, 2014 at 1:55 AM	1
Jun. 15th, 2014 at 2:28 PM	212
Jun. 15th, 2014 at 3:20 PM	169
Jun. 15th, 2014 at 3:25 PM	27
Jun. 16th, 2014 at 11:06 AM	164
Jun. 17th, 2014 at 10:50 PM	251
Jun. 19th, 2014 at 1:06 PM	307
Jun. 26th, 2014 at 5:20 PM	0
Jun. 30th, 2014 at 4:01 PM	113
Jul. 1st, 2014 at 2:10 PM	33
Jul. 15th, 2014 at 5:11 PM	131
Jul. 17th, 2014 at 5:06 PM	317
Jul. 18th, 2014 at 3:47 PM	0
Jul. 19th, 2014 at 11:46 AM	334
Jul. 21st, 2014 at 10:43 AM	564
Aug. 1st, 2014 at 7:30 PM	37
Aug. 2nd, 2014 at 9:17 PM	592
Aug. 8th, 2014 at 10:51 PM	0
Aug. 22nd, 2014 at 1:54 PM	774
Aug. 25th, 2014 at 8:21 PM	201
Aug. 26th, 2014 at 7:10 PM	69
Aug. 28th, 2014 at 5:50 PM	292
Aug. 28th, 2014 at 6:42 PM	75
Aug. 28th, 2014 at 7:54 PM	27
Aug. 30th, 2014 at 5:07 PM	379
Aug. 31st, 2014 at 5:19 PM	71
Sep. 1st, 2014 at 1:30 AM	45
Sep. 2nd, 2014 at 11:52 PM	169
Sep. 3rd, 2014 at 12:21 AM	0
Sep. 5th, 2014 at 12:11 AM	105
Sep. 9th, 2014 at 12:11 AM	325
Sep. 11th, 2014 at 12:24 AM	309
Sep. 14th, 2014 at 6:18 PM	195
Sep. 18th, 2014 at 1:03 PM	388
Sep. 19th, 2014 at 2:05 AM	0
Sep. 20th, 2014 at 5:39 PM	8
Sep. 23rd, 2014 at 10:54 AM	12
Sep. 23rd, 2014 at 10:49 PM	82
Oct. 1st, 2014 at 6:33 PM	256
Oct. 4th, 2014 at 8:27 PM	307
Oct. 11th, 2014 at 12:19 AM	160
Oct. 20th, 2014 at 10:29 AM	241
Oct. 21st, 2014 at 8:00 AM	32
Oct. 28th, 2014 at 8:30 AM	0
Oct. 30th, 2014 at 1:13 PM	0
Oct. 31st, 2014 at 12:22 AM	594
Oct. 31st, 2014 at 11:22 AM	191
Nov. 1st, 2014 at 11:50 AM	107
Nov. 2nd, 2014 at 3:45 PM	206
Nov. 2nd, 2014 at 5:29 PM	345
Nov. 4th, 2014 at 9:14 AM	124
Nov. 5th, 2014 at 10:28 PM	272
Nov. 6th, 2014 at 11:18 PM	184
Nov. 7th, 2014 at 12:08 PM	306
Nov. 8th, 2014 at 2:45 PM	17
Nov. 8th, 2014 at 10:40 PM	757
Nov. 9th, 2014 at 5:52 PM	498
Nov. 9th, 2014 at 6:33 PM	247
Nov. 10th, 2014 at 7:00 PM	437
Nov. 12th, 2014 at 2:02 PM	168
Nov. 16th, 2014 at 5:19 PM	222
Nov. 18th, 2014 at 12:28 AM	171
Nov. 19th, 2014 at 11:26 AM	18
Nov. 19th, 2014 at 1:00 PM	86
Nov. 20th, 2014 at 2:58 PM	138
Nov. 23rd, 2014 at 3:43 PM	156
Nov. 27th, 2014 at 12:04 PM	237
Nov. 27th, 2014 at 12:20 PM	27
Nov. 30th, 2014 at 6:58 PM	94
Dec. 1st, 2014 at 12:59 PM	17
Dec. 2nd, 2014 at 12:49 AM	419
Dec. 4th, 2014 at 2:53 PM	161
Dec. 4th, 2014 at 3:51 PM	57
Dec. 5th, 2014 at 3:26 PM	415
Dec. 6th, 2014 at 1:42 PM	48
Dec. 8th, 2014 at 5:26 PM	218
Dec. 9th, 2014 at 4:52 PM	496
Dec. 11th, 2014 at 12:34 PM	196
Dec. 12th, 2014 at 12:28 PM	214
Dec. 13th, 2014 at 5:40 PM	0
Dec. 14th, 2014 at 12:46 PM	226
Dec. 14th, 2014 at 6:17 PM	292
Dec. 14th, 2014 at 11:52 PM	109
Dec. 17th, 2014 at 8:24 PM	219
Dec. 17th, 2014 at 9:27 PM	367
Dec. 18th, 2014 at 2:07 PM	141
Dec. 19th, 2014 at 8:00 PM	42
Dec. 20th, 2014 at 11:05 AM	932
Dec. 22nd, 2014 at 12:23 AM	610
Dec. 22nd, 2014 at 12:59 AM	218
Dec. 23rd, 2014 at 11:39 AM	48
Dec. 23rd, 2014 at 4:50 PM	159
Dec. 25th, 2014 at 10:58 AM	55
Dec. 29th, 2014 at 12:51 AM	492
Dec. 29th, 2014 at 12:32 PM	0
Jan. 1st, 2015 at 4:45 PM	78
Jan. 3rd, 2015 at 9:17 PM	74
Jan. 4th, 2015 at 6:37 PM	132
Jan. 5th, 2015 at 6:57 PM	291
Jan. 8th, 2015 at 11:55 AM	210
Jan. 9th, 2015 at 12:57 PM	35
Jan. 9th, 2015 at 4:42 PM	357
Jan. 11th, 2015 at 4:16 PM	366
Jan. 12th, 2015 at 12:22 PM	563
Jan. 12th, 2015 at 1:19 PM	230
Jan. 14th, 2015 at 10:57 AM	218
Jan. 15th, 2015 at 12:55 PM	58
Jan. 15th, 2015 at 1:07 PM	321
Jan. 16th, 2015 at 1:24 PM	158
Jan. 16th, 2015 at 3:45 PM	82
Jan. 17th, 2015 at 11:56 PM	50
Jan. 20th, 2015 at 12:16 PM	643
Jan. 20th, 2015 at 7:59 PM	190
Jan. 21st, 2015 at 1:28 PM	202
Jan. 22nd, 2015 at 10:47 AM	33
Jan. 22nd, 2015 at 12:57 PM	28
Jan. 24th, 2015 at 6:22 PM	277
Jan. 29th, 2015 at 6:23 PM	233
Feb. 1st, 2015 at 3:33 PM	29
Feb. 3rd, 2015 at 11:38 AM	99
Feb. 3rd, 2015 at 7:17 PM	708
Feb. 3rd, 2015 at 11:45 PM	311
Feb. 3rd, 2015 at 11:58 PM	90
Feb. 4th, 2015 at 12:34 AM	270
Feb. 14th, 2015 at 1:16 AM	82
Feb. 14th, 2015 at 1:53 PM	52
Feb. 21st, 2015 at 12:41 PM	288
Feb. 21st, 2015 at 12:50 PM	49
Feb. 24th, 2015 at 1:05 AM	66
Feb. 25th, 2015 at 8:40 PM	288
Feb. 25th, 2015 at 8:53 PM	124
Feb. 26th, 2015 at 9:58 AM	211
Mar. 1st, 2015 at 12:56 PM	506
Mar. 2nd, 2015 at 12:20 PM	134
Mar. 3rd, 2015 at 11:48 AM	298
Mar. 6th, 2015 at 11:07 AM	86
Mar. 8th, 2015 at 5:18 PM	408
Mar. 8th, 2015 at 5:22 PM	20
Mar. 8th, 2015 at 5:57 PM	606
Mar. 8th, 2015 at 6:39 PM	684
Mar. 10th, 2015 at 12:10 PM	0
Mar. 10th, 2015 at 12:42 PM	131
Mar. 10th, 2015 at 2:41 PM	106
Mar. 10th, 2015 at 8:19 PM	33
Mar. 11th, 2015 at 9:00 AM	37
Mar. 11th, 2015 at 2:35 PM	206
Mar. 12th, 2015 at 1:11 AM	847
Mar. 12th, 2015 at 10:22 PM	194
Mar. 13th, 2015 at 12:46 PM	194
Mar. 14th, 2015 at 6:50 PM	228
Mar. 17th, 2015 at 12:40 PM	134
Mar. 19th, 2015 at 8:30 AM	0
Mar. 20th, 2015 at 5:30 PM	72
Mar. 22nd, 2015 at 9:16 AM	97
Mar. 26th, 2015 at 2:23 PM	373
Mar. 26th, 2015 at 3:21 PM	116
Mar. 26th, 2015 at 8:32 PM	162
Mar. 27th, 2015 at 6:27 PM	634
Apr. 1st, 2015 at 10:07 AM	104
Apr. 1st, 2015 at 10:11 AM	41
Apr. 2nd, 2015 at 10:58 AM	41
Apr. 2nd, 2015 at 11:25 AM	130
Apr. 6th, 2015 at 5:12 PM	212
Apr. 6th, 2015 at 5:59 PM	26
Apr. 8th, 2015 at 1:49 PM	832
Apr. 8th, 2015 at 7:13 PM	2580
Apr. 8th, 2015 at 8:23 PM	474
Apr. 9th, 2015 at 2:46 AM	1740
Apr. 9th, 2015 at 4:25 PM	3782
Apr. 9th, 2015 at 8:57 PM	266
Apr. 9th, 2015 at 11:17 PM	1703
Apr. 10th, 2015 at 3:50 PM	20
Apr. 11th, 2015 at 2:52 PM	1622
Apr. 12th, 2015 at 1:38 PM	246
Apr. 12th, 2015 at 5:18 PM	1104
Apr. 13th, 2015 at 2:41 AM	7311
Apr. 14th, 2015 at 1:25 AM	56
Apr. 15th, 2015 at 5:15 AM	101
Apr. 15th, 2015 at 4:03 PM	505
Apr. 15th, 2015 at 4:25 PM	200
Apr. 15th, 2015 at 5:30 PM	912
Apr. 16th, 2015 at 2:26 PM	241
Apr. 16th, 2015 at 7:00 PM	101
Apr. 17th, 2015 at 1:16 PM	99
Apr. 17th, 2015 at 9:20 PM	1327
Apr. 19th, 2015 at 4:43 PM	647
Apr. 22nd, 2015 at 6:33 PM	271
Apr. 23rd, 2015 at 1:11 AM	642
Apr. 24th, 2015 at 5:11 PM	501
Apr. 26th, 2015 at 4:36 PM	69
Apr. 27th, 2015 at 2:36 PM	830
Apr. 27th, 2015 at 4:53 PM	341
Apr. 28th, 2015 at 4:14 PM	162
Apr. 29th, 2015 at 12:54 AM	1812
Apr. 30th, 2015 at 12:42 AM	261
Apr. 30th, 2015 at 1:44 AM	584
May. 1st, 2015 at 12:14 PM	179
May. 2nd, 2015 at 2:26 PM	238
May. 3rd, 2015 at 5:11 PM	526
May. 4th, 2015 at 3:55 PM	196
May. 4th, 2015 at 7:20 PM	212
May. 4th, 2015 at 10:28 PM	193
May. 6th, 2015 at 7:07 PM	316
May. 13th, 2015 at 1:43 PM	181
May. 16th, 2015 at 8:42 PM	260
May. 18th, 2015 at 12:55 AM	486
May. 18th, 2015 at 7:19 PM	291
Jun. 4th, 2015 at 3:41 PM	512
Jun. 7th, 2015 at 4:12 PM	35
Jun. 7th, 2015 at 5:58 PM	740
Jun. 8th, 2015 at 12:29 AM	162
Jun. 9th, 2015 at 1:11 AM	148
Jun. 9th, 2015 at 10:22 PM	353
Jun. 10th, 2015 at 12:46 PM	607
Jun. 10th, 2015 at 11:53 PM	305
Jun. 13th, 2015 at 12:38 PM	197
Jun. 13th, 2015 at 7:06 PM	448
Jun. 16th, 2015 at 11:01 AM	153
Jul. 1st, 2015 at 9:45 AM	143
Jul. 2nd, 2015 at 10:09 AM	201
Jul. 2nd, 2015 at 1:09 PM	368
Jul. 5th, 2015 at 2:39 PM	34
Jul. 7th, 2015 at 12:07 PM	268
Jul. 7th, 2015 at 12:30 PM	316
Jul. 7th, 2015 at 12:46 PM	178
Jul. 8th, 2015 at 1:01 PM	187
Jul. 9th, 2015 at 10:46 AM	160
Jul. 9th, 2015 at 1:45 PM	168
Jul. 10th, 2015 at 6:53 PM	243
Jul. 14th, 2015 at 1:11 PM	656
Jul. 14th, 2015 at 4:18 PM	388
Jul. 15th, 2015 at 2:12 PM	162
Jul. 16th, 2015 at 4:30 PM	961
Jul. 17th, 2015 at 2:08 PM	576
Jul. 20th, 2015 at 7:14 PM	41
Jul. 21st, 2015 at 1:06 PM	1022
Jul. 22nd, 2015 at 5:20 PM	26
Jul. 23rd, 2015 at 11:49 PM	2385
Jul. 24th, 2015 at 1:11 AM	290
Jul. 25th, 2015 at 1:06 PM	970
Jul. 26th, 2015 at 12:57 AM	1760
Jul. 29th, 2015 at 1:30 PM	313
Jul. 30th, 2015 at 10:20 AM	96
Aug. 11th, 2015 at 5:33 PM	406
Aug. 14th, 2015 at 5:08 PM	1565
Aug. 14th, 2015 at 5:36 PM	141
Aug. 16th, 2015 at 7:46 PM	2020
Aug. 16th, 2015 at 9:43 PM	1952
Aug. 18th, 2015 at 9:50 AM	40
Aug. 25th, 2015 at 6:14 PM	21
Aug. 25th, 2015 at 10:01 PM	1874
Aug. 26th, 2015 at 4:28 PM	2598
Aug. 27th, 2015 at 1:19 PM	1547
Aug. 27th, 2015 at 5:41 PM	2327
Aug. 31st, 2015 at 4:46 PM	171
Aug. 31st, 2015 at 8:39 PM	1327
Sep. 4th, 2015 at 12:11 AM	909
Sep. 4th, 2015 at 1:07 PM	309
Sep. 5th, 2015 at 6:09 PM	1455
Sep. 7th, 2015 at 2:44 PM	117
Sep. 9th, 2015 at 12:32 PM	236
Sep. 11th, 2015 at 3:21 PM	368
Sep. 12th, 2015 at 2:45 PM	50
Sep. 12th, 2015 at 9:25 PM	321
Sep. 15th, 2015 at 10:24 AM	240
Sep. 15th, 2015 at 5:09 PM	131
Sep. 16th, 2015 at 8:01 PM	0
Sep. 17th, 2015 at 5:44 PM	105
Sep. 21st, 2015 at 11:16 PM	152
Sep. 22nd, 2015 at 6:02 PM	293
Sep. 23rd, 2015 at 2:59 PM	359
Sep. 25th, 2015 at 1:54 PM	256
Sep. 26th, 2015 at 5:50 PM	1119
Sep. 27th, 2015 at 12:48 AM	283
Sep. 27th, 2015 at 5:23 PM	298
Sep. 27th, 2015 at 5:41 PM	53
Sep. 28th, 2015 at 6:44 PM	401
Sep. 29th, 2015 at 2:41 PM	65
Sep. 30th, 2015 at 8:20 PM	180
Sep. 30th, 2015 at 11:08 PM	313
Oct. 1st, 2015 at 11:59 AM	210
Oct. 5th, 2015 at 8:30 AM	809
Oct. 5th, 2015 at 11:51 AM	94
Oct. 5th, 2015 at 9:46 PM	447
Oct. 6th, 2015 at 12:27 PM	405
Oct. 7th, 2015 at 2:45 PM	179
Oct. 10th, 2015 at 4:27 PM	147
Oct. 11th, 2015 at 2:22 PM	244
Oct. 13th, 2015 at 5:37 PM	477
Oct. 14th, 2015 at 3:01 PM	183
Oct. 15th, 2015 at 2:54 PM	20
Oct. 16th, 2015 at 1:11 AM	107
Oct. 16th, 2015 at 3:11 AM	97
Oct. 19th, 2015 at 12:06 PM	108
Oct. 22nd, 2015 at 1:10 PM	252
Oct. 22nd, 2015 at 1:51 PM	71
Oct. 29th, 2015 at 1:08 PM	258
Oct. 29th, 2015 at 1:53 PM	134
Oct. 29th, 2015 at 2:30 PM	176
Oct. 30th, 2015 at 2:48 PM	46
Nov. 1st, 2015 at 6:21 PM	282
Nov. 2nd, 2015 at 3:08 PM	729
Nov. 2nd, 2015 at 4:01 PM	57
Nov. 10th, 2015 at 3:18 PM	90
Nov. 11th, 2015 at 1:06 PM	377
Nov. 11th, 2015 at 2:26 PM	116
Nov. 12th, 2015 at 11:18 AM	2213
Nov. 16th, 2015 at 2:48 PM	534
Nov. 17th, 2015 at 3:34 PM	90
Nov. 17th, 2015 at 4:42 PM	170
Nov. 18th, 2015 at 7:23 PM	202
Nov. 20th, 2015 at 12:35 AM	234
Nov. 20th, 2015 at 2:27 PM	323
Nov. 21st, 2015 at 4:09 PM	8
Nov. 22nd, 2015 at 5:03 PM	125
Nov. 23rd, 2015 at 11:29 AM	52
Nov. 24th, 2015 at 3:54 PM	196
Nov. 30th, 2015 at 7:05 PM	0
Dec. 2nd, 2015 at 1:29 PM	277
Dec. 4th, 2015 at 3:44 PM	256
Dec. 5th, 2015 at 12:59 PM	736
Dec. 6th, 2015 at 5:21 PM	159
Dec. 7th, 2015 at 12:03 PM	191
Dec. 7th, 2015 at 4:49 PM	141
Dec. 11th, 2015 at 3:34 PM	490
Dec. 13th, 2015 at 4:32 PM	388
Dec. 14th, 2015 at 4:06 PM	159
Dec. 14th, 2015 at 11:31 PM	491
Dec. 15th, 2015 at 3:16 PM	428
Dec. 15th, 2015 at 3:35 PM	182
Dec. 20th, 2015 at 6:09 PM	94
Dec. 21st, 2015 at 4:00 PM	1138
Dec. 21st, 2015 at 8:30 PM	1396
Dec. 22nd, 2015 at 5:52 PM	600
Dec. 23rd, 2015 at 5:19 PM	267
Dec. 24th, 2015 at 6:11 PM	825
Dec. 25th, 2015 at 5:45 PM	40
Dec. 27th, 2015 at 2:30 PM	66
Dec. 27th, 2015 at 4:52 PM	456
Dec. 28th, 2015 at 6:52 PM	106
Dec. 29th, 2015 at 5:38 PM	1787
Dec. 31st, 2015 at 4:36 PM	150
Jan. 1st, 2016 at 2:14 PM	60
Jan. 1st, 2016 at 2:49 PM	282
Jan. 1st, 2016 at 3:03 PM	185
Jan. 1st, 2016 at 3:49 PM	552
Jan. 1st, 2016 at 4:29 PM	63
Jan. 1st, 2016 at 4:47 PM	277
Jan. 1st, 2016 at 5:43 PM	303
Jan. 1st, 2016 at 6:19 PM	489
Jan. 1st, 2016 at 7:13 PM	536
Jan. 2nd, 2016 at 12:24 AM	2013
Jan. 2nd, 2016 at 10:36 PM	118
Jan. 3rd, 2016 at 4:46 PM	202
Jan. 4th, 2016 at 2:59 PM	272
Jan. 7th, 2016 at 12:11 AM	106
Jan. 8th, 2016 at 5:49 PM	17
Jan. 10th, 2016 at 1:42 PM	344
Jan. 10th, 2016 at 11:28 PM	150
Jan. 11th, 2016 at 9:15 AM	653
Jan. 11th, 2016 at 3:08 PM	370
Jan. 11th, 2016 at 5:06 PM	28
Jan. 17th, 2016 at 10:26 PM	394
Jan. 22nd, 2016 at 6:56 PM	863
Jan. 23rd, 2016 at 2:35 PM	45
Jan. 25th, 2016 at 9:59 PM	310
Jan. 30th, 2016 at 1:35 PM	365
Feb. 1st, 2016 at 1:46 PM	313
Feb. 2nd, 2016 at 12:30 PM	209
Feb. 4th, 2016 at 8:31 PM	0
Feb. 5th, 2016 at 12:26 PM	76
Feb. 8th, 2016 at 1:21 AM	517
Feb. 8th, 2016 at 2:19 PM	46
Feb. 9th, 2016 at 1:06 AM	2502
Feb. 9th, 2016 at 1:11 AM	35
Feb. 9th, 2016 at 6:47 PM	1427
Feb. 10th, 2016 at 5:45 PM	561
Feb. 12th, 2016 at 4:05 PM	105
Feb. 13th, 2016 at 4:33 PM	243
Feb. 14th, 2016 at 1:50 PM	48
Feb. 15th, 2016 at 5:55 PM	330
Feb. 16th, 2016 at 12:49 PM	71
Feb. 17th, 2016 at 3:41 PM	326
Feb. 19th, 2016 at 1:01 PM	207
Feb. 19th, 2016 at 1:24 PM	262
Feb. 20th, 2016 at 7:55 PM	363
Feb. 22nd, 2016 at 12:53 PM	156
Feb. 24th, 2016 at 12:18 PM	186
Feb. 25th, 2016 at 2:52 PM	110
Feb. 26th, 2016 at 5:59 AM	227
Feb. 29th, 2016 at 11:37 PM	79
Mar. 1st, 2016 at 12:19 AM	50
Mar. 2nd, 2016 at 5:18 PM	474
Mar. 3rd, 2016 at 1:45 PM	401
Mar. 5th, 2016 at 3:13 PM	248
Mar. 6th, 2016 at 2:38 PM	70
Mar. 7th, 2016 at 2:30 AM	109
Mar. 7th, 2016 at 3:58 PM	1211
Mar. 9th, 2016 at 11:52 AM	156
Mar. 9th, 2016 at 4:06 PM	537
Mar. 14th, 2016 at 2:48 PM	95
Mar. 16th, 2016 at 12:05 AM	91
Mar. 16th, 2016 at 5:15 PM	360
Mar. 17th, 2016 at 12:37 PM	126
Mar. 17th, 2016 at 3:50 PM	79
Mar. 21st, 2016 at 1:11 AM	167
Mar. 21st, 2016 at 5:20 PM	215
Mar. 21st, 2016 at 7:45 PM	741
Mar. 25th, 2016 at 11:07 AM	165
Mar. 28th, 2016 at 4:24 PM	98
Mar. 28th, 2016 at 9:49 PM	26
Apr. 7th, 2016 at 11:12 AM	0
Apr. 11th, 2016 at 7:33 PM	45
Apr. 13th, 2016 at 5:28 PM	45
Apr. 14th, 2016 at 7:25 PM	123
Apr. 14th, 2016 at 8:04 PM	382
Apr. 16th, 2016 at 6:29 PM	243
Apr. 18th, 2016 at 12:59 PM	178
Apr. 20th, 2016 at 3:29 PM	101
Apr. 20th, 2016 at 3:42 PM	107
Apr. 23rd, 2016 at 6:59 PM	370
Apr. 24th, 2016 at 4:03 PM	53
Apr. 26th, 2016 at 12:21 PM	65
Apr. 26th, 2016 at 11:22 PM	174
Apr. 27th, 2016 at 1:56 AM	1161
Apr. 28th, 2016 at 2:50 PM	174
Apr. 29th, 2016 at 2:29 PM	277
Apr. 30th, 2016 at 12:10 AM	392
Apr. 30th, 2016 at 8:32 PM	1200
May. 1st, 2016 at 4:24 PM	394
May. 1st, 2016 at 8:59 PM	0
May. 3rd, 2016 at 6:34 PM	273
May. 4th, 2016 at 5:02 PM	5
May. 6th, 2016 at 2:44 PM	244
May. 8th, 2016 at 3:02 PM	277
May. 10th, 2016 at 10:36 AM	100
May. 10th, 2016 at 12:35 PM	88
May. 10th, 2016 at 11:03 PM	335
May. 15th, 2016 at 12:39 AM	198
May. 15th, 2016 at 12:52 AM	81
May. 16th, 2016 at 3:03 PM	876
May. 18th, 2016 at 1:08 PM	871
May. 18th, 2016 at 5:34 PM	562
May. 24th, 2016 at 12:59 PM	440
Jun. 7th, 2016 at 1:26 PM	17
Jun. 8th, 2016 at 1:42 PM	140
Jun. 8th, 2016 at 5:22 PM	259
Jun. 10th, 2016 at 7:16 PM	143
Jun. 12th, 2016 at 5:37 PM	438
Jun. 16th, 2016 at 12:06 AM	283
Jun. 17th, 2016 at 1:40 PM	103
Jun. 18th, 2016 at 4:03 PM	732
Jun. 22nd, 2016 at 3:25 PM	37
Jun. 23rd, 2016 at 2:54 PM	350
Jun. 24th, 2016 at 11:50 AM	148
Jun. 26th, 2016 at 10:43 PM	364
Jun. 27th, 2016 at 12:32 PM	30
Jul. 11th, 2016 at 2:25 PM	140
Jul. 12th, 2016 at 4:12 PM	166
Jul. 13th, 2016 at 11:48 AM	435
Jul. 14th, 2016 at 12:32 AM	595
Jul. 14th, 2016 at 6:27 PM	302
Jul. 15th, 2016 at 12:01 AM	448
Jul. 16th, 2016 at 7:36 PM	342
Jul. 17th, 2016 at 1:36 PM	146
Jul. 22nd, 2016 at 2:46 PM	393
Jul. 25th, 2016 at 2:58 PM	418
Jul. 26th, 2016 at 1:02 PM	33
Jul. 27th, 2016 at 12:04 AM	150
Jul. 27th, 2016 at 12:52 PM	450
Jul. 27th, 2016 at 3:40 PM	126
Jul. 31st, 2016 at 4:20 PM	37
Jul. 31st, 2016 at 7:13 PM	200
Aug. 1st, 2016 at 1:13 AM	779
Aug. 7th, 2016 at 1:13 PM	250
Aug. 8th, 2016 at 2:03 PM	951
Aug. 15th, 2016 at 10:59 AM	453
Sep. 2nd, 2016 at 12:36 PM	582
Sep. 2nd, 2016 at 10:35 PM	232
Sep. 3rd, 2016 at 5:41 PM	391
Sep. 9th, 2016 at 1:46 PM	1450
Sep. 10th, 2016 at 6:09 PM	484
Sep. 12th, 2016 at 12:32 PM	408
Sep. 13th, 2016 at 6:20 PM	235
Sep. 22nd, 2016 at 4:39 PM	310
Sep. 25th, 2016 at 5:53 PM	76
Sep. 26th, 2016 at 5:18 PM	240
Sep. 29th, 2016 at 11:11 AM	189
Sep. 29th, 2016 at 1:43 PM	138
Oct. 1st, 2016 at 3:48 PM	73
Oct. 1st, 2016 at 4:07 PM	214
Oct. 6th, 2016 at 12:37 PM	48
Oct. 7th, 2016 at 12:50 PM	149
Oct. 9th, 2016 at 12:11 PM	221
Oct. 10th, 2016 at 11:18 AM	162
Oct. 14th, 2016 at 2:20 PM	100
Oct. 19th, 2016 at 11:59 AM	111
Oct. 19th, 2016 at 6:11 PM	160
Oct. 24th, 2016 at 12:54 AM	289
Oct. 26th, 2016 at 2:06 PM	200
Oct. 28th, 2016 at 12:19 PM	101
Oct. 31st, 2016 at 11:57 AM	233
Nov. 1st, 2016 at 3:10 PM	88
Nov. 2nd, 2016 at 3:41 PM	191
Nov. 3rd, 2016 at 12:48 PM	425
Nov. 4th, 2016 at 1:51 PM	906
Nov. 5th, 2016 at 1:11 AM	42
Nov. 5th, 2016 at 1:20 PM	528
Nov. 6th, 2016 at 5:15 PM	22
Nov. 6th, 2016 at 6:10 PM	831
Nov. 9th, 2016 at 10:14 AM	99
Nov. 10th, 2016 at 4:49 PM	571
Nov. 10th, 2016 at 10:31 PM	170
Nov. 16th, 2016 at 12:14 PM	197
Nov. 22nd, 2016 at 4:57 PM	259
Nov. 23rd, 2016 at 12:48 PM	55
Nov. 24th, 2016 at 2:23 PM	69
Nov. 25th, 2016 at 3:41 PM	129
Nov. 28th, 2016 at 12:51 PM	535
Nov. 28th, 2016 at 2:55 PM	206
Nov. 29th, 2016 at 12:41 PM	166
Dec. 5th, 2016 at 12:21 PM	284
Dec. 5th, 2016 at 4:07 PM	427
Dec. 5th, 2016 at 6:15 PM	376
Dec. 6th, 2016 at 11:37 AM	147
Dec. 7th, 2016 at 4:40 PM	183
Dec. 10th, 2016 at 12:24 PM	88
Dec. 10th, 2016 at 12:37 PM	103
Dec. 11th, 2016 at 1:08 PM	288
Dec. 12th, 2016 at 3:26 PM	652
Dec. 12th, 2016 at 5:36 PM	375
Dec. 14th, 2016 at 4:29 PM	195
Dec. 14th, 2016 at 5:54 PM	200
Dec. 15th, 2016 at 12:06 PM	113
Dec. 16th, 2016 at 3:13 PM	140
Dec. 16th, 2016 at 3:50 PM	92
Dec. 18th, 2016 at 5:22 PM	269
Dec. 21st, 2016 at 5:21 PM	99
Dec. 24th, 2016 at 4:06 PM	115
Dec. 24th, 2016 at 5:27 PM	512
Dec. 26th, 2016 at 5:13 PM	259
Dec. 27th, 2016 at 5:21 PM	322
Jan. 3rd, 2017 at 4:54 PM	805
Jan. 7th, 2017 at 5:36 PM	319
Jan. 9th, 2017 at 1:15 PM	653
Jan. 9th, 2017 at 4:16 PM	762
Jan. 10th, 2017 at 2:42 PM	144
Jan. 12th, 2017 at 4:54 PM	915
Jan. 14th, 2017 at 2:50 PM	105
Jan. 16th, 2017 at 3:39 PM	60
Jan. 17th, 2017 at 3:34 PM	331
Jan. 17th, 2017 at 3:55 PM	344
Jan. 18th, 2017 at 4:39 PM	61
Jan. 23rd, 2017 at 11:22 AM	166
Jan. 23rd, 2017 at 2:28 PM	126
Jan. 23rd, 2017 at 3:45 PM	254
Jan. 26th, 2017 at 2:54 PM	78
Jan. 27th, 2017 at 3:52 PM	469
Jan. 28th, 2017 at 5:32 PM	1527
Jan. 29th, 2017 at 4:53 PM	122
Jan. 29th, 2017 at 10:20 PM	382
Jan. 30th, 2017 at 1:23 PM	305
Jan. 31st, 2017 at 5:06 PM	1179
Feb. 4th, 2017 at 4:10 PM	602
Feb. 10th, 2017 at 3:29 PM	527
Feb. 11th, 2017 at 10:51 AM	355
Feb. 13th, 2017 at 2:03 PM	342
Feb. 14th, 2017 at 1:49 PM	119
Feb. 14th, 2017 at 3:23 PM	32
Feb. 14th, 2017 at 6:58 PM	339
Feb. 20th, 2017 at 3:33 PM	327
Feb. 21st, 2017 at 6:30 PM	1043
Feb. 22nd, 2017 at 11:19 PM	123
Feb. 26th, 2017 at 5:03 PM	564
Feb. 27th, 2017 at 12:54 PM	410
Feb. 27th, 2017 at 6:27 PM	1189
Feb. 28th, 2017 at 2:15 PM	195
Mar. 1st, 2017 at 3:46 PM	129
Mar. 3rd, 2017 at 2:59 PM	222
Mar. 3rd, 2017 at 3:05 PM	26
Mar. 3rd, 2017 at 9:37 PM	293
Mar. 6th, 2017 at 4:26 PM	106
Mar. 7th, 2017 at 9:30 AM	0
Mar. 7th, 2017 at 11:57 AM	685
Mar. 10th, 2017 at 8:30 AM	45
Mar. 10th, 2017 at 2:36 PM	363
Mar. 11th, 2017 at 12:43 PM	142
Mar. 11th, 2017 at 5:09 PM	69
Mar. 12th, 2017 at 4:14 PM	70
Mar. 15th, 2017 at 3:39 PM	91
Mar. 16th, 2017 at 3:31 PM	154
Mar. 18th, 2017 at 3:57 PM	321
Mar. 18th, 2017 at 4:54 PM	78
Mar. 19th, 2017 at 1:03 PM	431
Mar. 20th, 2017 at 6:25 PM	73
Mar. 21st, 2017 at 12:47 AM	109
Mar. 23rd, 2017 at 7:35 PM	245
Mar. 26th, 2017 at 6:18 PM	191
Mar. 29th, 2017 at 3:08 PM	293
Mar. 30th, 2017 at 5:48 PM	992
Mar. 31st, 2017 at 7:20 PM	83
Apr. 1st, 2017 at 11:30 AM	728
Apr. 2nd, 2017 at 11:14 AM	156
Apr. 4th, 2017 at 7:36 PM	857
Apr. 5th, 2017 at 3:46 PM	115
Apr. 8th, 2017 at 4:34 PM	152
Apr. 9th, 2017 at 4:52 PM	146
Apr. 10th, 2017 at 12:00 PM	814
Apr. 10th, 2017 at 4:01 PM	171
Apr. 11th, 2017 at 1:03 PM	257
Apr. 13th, 2017 at 3:22 PM	161
Apr. 17th, 2017 at 12:45 PM	78
Apr. 18th, 2017 at 2:11 AM	147
Apr. 18th, 2017 at 9:09 AM	49
Apr. 18th, 2017 at 11:11 AM	119
Apr. 19th, 2017 at 1:51 PM	297
Apr. 24th, 2017 at 3:14 PM	286
Apr. 26th, 2017 at 11:57 AM	113
Apr. 26th, 2017 at 12:32 PM	183
Apr. 26th, 2017 at 1:04 PM	757
Apr. 27th, 2017 at 12:53 PM	204
May. 3rd, 2017 at 8:21 AM	277
May. 3rd, 2017 at 4:25 PM	274
May. 11th, 2017 at 11:00 AM	0
May. 13th, 2017 at 12:07 PM	173
May. 13th, 2017 at 2:08 PM	498
May. 14th, 2017 at 2:02 PM	115
May. 14th, 2017 at 6:01 PM	1099
May. 15th, 2017 at 6:10 PM	190
May. 16th, 2017 at 5:31 PM	495
May. 17th, 2017 at 3:08 PM	21
May. 19th, 2017 at 2:49 PM	9
May. 20th, 2017 at 3:28 PM	189
May. 22nd, 2017 at 7:13 PM	563
May. 25th, 2017 at 2:37 PM	123
May. 29th, 2017 at 5:19 PM	31
Jun. 7th, 2017 at 6:53 PM	59
Jun. 7th, 2017 at 8:01 PM	253
Jun. 8th, 2017 at 1:15 PM	37
Jun. 12th, 2017 at 12:49 PM	471
Jun. 21st, 2017 at 12:02 PM	147
Jun. 21st, 2017 at 12:19 PM	45
Jun. 23rd, 2017 at 1:55 PM	538
Jun. 24th, 2017 at 7:05 PM	162
Jun. 28th, 2017 at 1:42 PM	57
Jul. 5th, 2017 at 4:08 PM	139
Jul. 8th, 2017 at 11:46 AM	417
Jul. 10th, 2017 at 7:29 PM	113
Jul. 11th, 2017 at 12:34 AM	344
Jul. 11th, 2017 at 7:30 PM	114
Jul. 12th, 2017 at 12:38 PM	240
Jul. 12th, 2017 at 5:08 PM	17
Jul. 17th, 2017 at 11:01 AM	195
Jul. 17th, 2017 at 12:50 PM	12
Jul. 19th, 2017 at 10:12 PM	136
Jul. 21st, 2017 at 12:37 PM	25
Jul. 21st, 2017 at 6:09 PM	80
Jul. 22nd, 2017 at 4:29 PM	514
Jul. 26th, 2017 at 10:40 AM	228
Aug. 23rd, 2017 at 11:48 AM	200
Aug. 23rd, 2017 at 4:09 PM	7
Aug. 26th, 2017 at 4:14 PM	346
Aug. 28th, 2017 at 3:25 PM	69
Aug. 30th, 2017 at 4:37 PM	65
Sep. 1st, 2017 at 2:52 PM	187
Sep. 1st, 2017 at 4:33 PM	122
Sep. 2nd, 2017 at 1:05 PM	531
Sep. 3rd, 2017 at 1:02 PM	105
Sep. 3rd, 2017 at 4:15 PM	186
Sep. 5th, 2017 at 3:18 PM	202
Sep. 8th, 2017 at 5:55 PM	213
Sep. 9th, 2017 at 11:19 PM	165
Sep. 10th, 2017 at 2:54 PM	161
Sep. 10th, 2017 at 3:51 PM	988
Sep. 14th, 2017 at 5:54 PM	361
Sep. 14th, 2017 at 6:40 PM	465
Sep. 18th, 2017 at 10:31 AM	199
Sep. 18th, 2017 at 11:15 AM	54
Sep. 20th, 2017 at 10:17 AM	345
Sep. 20th, 2017 at 11:39 AM	522
Sep. 21st, 2017 at 12:57 PM	85
Sep. 24th, 2017 at 6:19 PM	280
Sep. 25th, 2017 at 5:35 PM	174
Sep. 25th, 2017 at 6:26 PM	424
Oct. 2nd, 2017 at 1:06 PM	227
Oct. 5th, 2017 at 4:16 PM	61
Oct. 10th, 2017 at 11:58 AM	191
Oct. 17th, 2017 at 6:30 PM	746
Oct. 18th, 2017 at 12:38 PM	59
Oct. 22nd, 2017 at 2:39 PM	154
Oct. 23rd, 2017 at 3:53 PM	399
Oct. 26th, 2017 at 10:35 AM	292
Nov. 7th, 2017 at 10:46 AM	83
Nov. 8th, 2017 at 12:26 PM	187
Nov. 8th, 2017 at 1:32 PM	110
Nov. 8th, 2017 at 5:06 PM	20
Nov. 16th, 2017 at 4:53 PM	25
Nov. 21st, 2017 at 4:06 PM	115
Nov. 21st, 2017 at 5:36 PM	465
Nov. 22nd, 2017 at 1:51 PM	297
Nov. 23rd, 2017 at 3:22 PM	40
